playback.nb,freq,resp,treat,plant,temp,mass
1,184,0,med,O2,24,9.192
1,180,0,med,O2,24,9.192
1,187,1,med,O2,24,9.192
1,188,2,med,O2,24,9.192
1,170,3,med,O2,24,9.192
1,160,0,med,O2,24,9.192
1,175,3,med,O2,24,9.192
1,185,1,med,O2,24,9.192
1,200,1,med,O2,24,9.192
1,140,0,med,O2,24,9.192
1,183,1,med,O2,24,9.192
1,210,0,med,O2,24,9.192
1,190,1,med,O2,24,9.192
1,250,0,med,O2,24,9.192
1,182,2,med,O2,24,9.192
1,195,1,med,O2,24,9.192
1,186,1,med,O2,24,9.192
1,230,0,med,O2,24,9.192
2,140,1,high,A2,24.5,9.412
2,185,3,high,A2,24.5,9.412
2,184,3,high,A2,24.5,9.412
2,200,3,high,A2,24.5,9.412
2,195,3,high,A2,24.5,9.412
2,186,3,high,A2,24.5,9.412
2,250,0,high,A2,24.5,9.412
2,180,3,high,A2,24.5,9.412
2,190,3,high,A2,24.5,9.412
2,187,3,high,A2,24.5,9.412
2,175,2,high,A2,24.5,9.412
2,210,3,high,A2,24.5,9.412
2,170,3,high,A2,24.5,9.412
2,183,3,high,A2,24.5,9.412
2,230,2,high,A2,24.5,9.412
2,160,2,high,A2,24.5,9.412
2,182,3,high,A2,24.5,9.412
2,188,2,high,A2,24.5,9.412
3,180,3,high,A2,24,8.76
3,140,0,high,A2,24,8.76
3,182,3,high,A2,24,8.76
3,190,3,high,A2,24,8.76
3,187,3,high,A2,24,8.76
3,184,3,high,A2,24,8.76
3,183,3,high,A2,24,8.76
3,195,3,high,A2,24,8.76
3,185,3,high,A2,24,8.76
3,250,0,high,A2,24,8.76
3,186,3,high,A2,24,8.76
3,200,3,high,A2,24,8.76
3,160,0,high,A2,24,8.76
3,188,3,high,A2,24,8.76
3,170,2,high,A2,24,8.76
3,175,3,high,A2,24,8.76
3,230,2,high,A2,24,8.76
3,210,3,high,A2,24,8.76
4,170,0,high,A2,24,8.422
4,175,2,high,A2,24,8.422
4,195,3,high,A2,24,8.422
4,190,1,high,A2,24,8.422
4,184,2,high,A2,24,8.422
4,160,1,high,A2,24,8.422
4,188,0,high,A2,24,8.422
4,182,3,high,A2,24,8.422
4,140,0,high,A2,24,8.422
4,250,0,high,A2,24,8.422
4,186,3,high,A2,24,8.422
4,210,3,high,A2,24,8.422
4,183,3,high,A2,24,8.422
4,185,3,high,A2,24,8.422
4,180,3,high,A2,24,8.422
4,187,3,high,A2,24,8.422
4,230,2,high,A2,24,8.422
4,200,3,high,A2,24,8.422
5,195,3,high,A2,25,7.502
5,200,2,high,A2,25,7.502
5,184,3,high,A2,25,7.502
5,188,0,high,A2,25,7.502
5,250,2,high,A2,25,7.502
5,230,3,high,A2,25,7.502
5,186,3,high,A2,25,7.502
5,190,3,high,A2,25,7.502
5,175,3,high,A2,25,7.502
5,183,3,high,A2,25,7.502
5,160,2,high,A2,25,7.502
5,180,3,high,A2,25,7.502
5,140,0,high,A2,25,7.502
5,170,3,high,A2,25,7.502
5,210,2,high,A2,25,7.502
5,187,3,high,A2,25,7.502
5,182,3,high,A2,25,7.502
5,185,3,high,A2,25,7.502
6,140,0,high,A2,24.5,9.098
6,200,3,high,A2,24.5,9.098
6,187,3,high,A2,24.5,9.098
6,180,0,high,A2,24.5,9.098
6,175,0,high,A2,24.5,9.098
6,195,3,high,A2,24.5,9.098
6,170,0,high,A2,24.5,9.098
6,188,3,high,A2,24.5,9.098
6,182,2,high,A2,24.5,9.098
6,230,3,high,A2,24.5,9.098
6,160,0,high,A2,24.5,9.098
6,186,3,high,A2,24.5,9.098
6,190,3,high,A2,24.5,9.098
6,210,3,high,A2,24.5,9.098
6,184,3,high,A2,24.5,9.098
6,250,3,high,A2,24.5,9.098
6,185,3,high,A2,24.5,9.098
6,183,3,high,A2,24.5,9.098
7,195,1,high,A2,24,7.093
7,160,2,high,A2,24,7.093
7,187,2,high,A2,24,7.093
7,184,3,high,A2,24,7.093
7,230,3,high,A2,24,7.093
7,190,1,high,A2,24,7.093
7,250,1,high,A2,24,7.093
7,180,3,high,A2,24,7.093
7,185,2,high,A2,24,7.093
7,175,1,high,A2,24,7.093
7,188,0,high,A2,24,7.093
7,140,0,high,A2,24,7.093
7,182,1,high,A2,24,7.093
7,170,0,high,A2,24,7.093
7,210,2,high,A2,24,7.093
7,186,0,high,A2,24,7.093
7,183,1,high,A2,24,7.093
7,200,2,high,A2,24,7.093
8,250,3,high,A2,24,9.14
8,200,2,high,A2,24,9.14
8,230,3,high,A2,24,9.14
8,187,3,high,A2,24,9.14
8,140,3,high,A2,24,9.14
8,182,3,high,A2,24,9.14
8,195,3,high,A2,24,9.14
8,185,3,high,A2,24,9.14
8,183,3,high,A2,24,9.14
8,188,3,high,A2,24,9.14
8,210,3,high,A2,24,9.14
8,184,0,high,A2,24,9.14
8,180,3,high,A2,24,9.14
8,175,3,high,A2,24,9.14
8,186,3,high,A2,24,9.14
8,170,3,high,A2,24,9.14
8,190,3,high,A2,24,9.14
8,160,3,high,A2,24,9.14
9,250,0,high,A2,24,8.622
9,210,3,high,A2,24,8.622
9,182,3,high,A2,24,8.622
9,230,3,high,A2,24,8.622
9,183,2,high,A2,24,8.622
9,160,3,high,A2,24,8.622
9,186,3,high,A2,24,8.622
9,170,3,high,A2,24,8.622
9,175,3,high,A2,24,8.622
9,184,3,high,A2,24,8.622
9,190,3,high,A2,24,8.622
9,195,3,high,A2,24,8.622
9,185,3,high,A2,24,8.622
9,140,3,high,A2,24,8.622
9,180,3,high,A2,24,8.622
9,188,1,high,A2,24,8.622
9,200,3,high,A2,24,8.622
9,187,1,high,A2,24,8.622
10,183,0,high,A2,24.5,8.352
10,180,2,high,A2,24.5,8.352
10,188,3,high,A2,24.5,8.352
10,184,3,high,A2,24.5,8.352
10,195,3,high,A2,24.5,8.352
10,170,2,high,A2,24.5,8.352
10,140,3,high,A2,24.5,8.352
10,186,2,high,A2,24.5,8.352
10,187,3,high,A2,24.5,8.352
10,230,3,high,A2,24.5,8.352
10,210,3,high,A2,24.5,8.352
10,190,3,high,A2,24.5,8.352
10,200,3,high,A2,24.5,8.352
10,160,2,high,A2,24.5,8.352
10,182,3,high,A2,24.5,8.352
10,185,3,high,A2,24.5,8.352
10,175,3,high,A2,24.5,8.352
10,250,2,high,A2,24.5,8.352
11,250,3,med,O2,25,8.948
11,210,3,med,O2,25,8.948
11,188,3,med,O2,25,8.948
11,182,3,med,O2,25,8.948
11,187,3,med,O2,25,8.948
11,185,2,med,O2,25,8.948
11,190,0,med,O2,25,8.948
11,186,3,med,O2,25,8.948
11,170,3,med,O2,25,8.948
11,230,1,med,O2,25,8.948
11,140,0,med,O2,25,8.948
11,195,2,med,O2,25,8.948
11,183,1,med,O2,25,8.948
11,184,1,med,O2,25,8.948
11,160,2,med,O2,25,8.948
11,180,2,med,O2,25,8.948
11,200,2,med,O2,25,8.948
11,175,0,med,O2,25,8.948
12,160,1,med,O2,24.5,7.828
12,250,0,med,O2,24.5,7.828
12,185,3,med,O2,24.5,7.828
12,140,2,med,O2,24.5,7.828
12,190,2,med,O2,24.5,7.828
12,175,3,med,O2,24.5,7.828
12,180,2,med,O2,24.5,7.828
12,188,2,med,O2,24.5,7.828
12,187,0,med,O2,24.5,7.828
12,230,0,med,O2,24.5,7.828
12,195,0,med,O2,24.5,7.828
12,183,1,med,O2,24.5,7.828
12,210,2,med,O2,24.5,7.828
12,182,3,med,O2,24.5,7.828
12,186,0,med,O2,24.5,7.828
12,184,3,med,O2,24.5,7.828
12,170,1,med,O2,24.5,7.828
12,200,3,med,O2,24.5,7.828
13,200,1,med,O2,24.5,8.56
13,175,0,med,O2,24.5,8.56
13,140,3,med,O2,24.5,8.56
13,190,0,med,O2,24.5,8.56
13,183,3,med,O2,24.5,8.56
13,186,3,med,O2,24.5,8.56
13,160,3,med,O2,24.5,8.56
13,230,3,med,O2,24.5,8.56
13,170,3,med,O2,24.5,8.56
13,180,2,med,O2,24.5,8.56
13,188,2,med,O2,24.5,8.56
13,250,2,med,O2,24.5,8.56
13,187,3,med,O2,24.5,8.56
13,185,3,med,O2,24.5,8.56
13,210,3,med,O2,24.5,8.56
13,195,3,med,O2,24.5,8.56
13,182,2,med,O2,24.5,8.56
13,184,3,med,O2,24.5,8.56
14,175,3,med,O2,24.5,9.146
14,200,0,med,O2,24.5,9.146
14,182,3,med,O2,24.5,9.146
14,210,1,med,O2,24.5,9.146
14,250,1,med,O2,24.5,9.146
14,160,3,med,O2,24.5,9.146
14,190,3,med,O2,24.5,9.146
14,185,1,med,O2,24.5,9.146
14,183,1,med,O2,24.5,9.146
14,186,3,med,O2,24.5,9.146
14,140,1,med,O2,24.5,9.146
14,195,3,med,O2,24.5,9.146
14,188,3,med,O2,24.5,9.146
14,187,3,med,O2,24.5,9.146
14,230,2,med,O2,24.5,9.146
14,180,2,med,O2,24.5,9.146
14,170,3,med,O2,24.5,9.146
14,184,0,med,O2,24.5,9.146
15,210,1,med,O2,24,8.932
15,182,1,med,O2,24,8.932
15,184,1,med,O2,24,8.932
15,185,0,med,O2,24,8.932
15,160,0,med,O2,24,8.932
15,250,1,med,O2,24,8.932
15,175,0,med,O2,24,8.932
15,180,0,med,O2,24,8.932
15,170,0,med,O2,24,8.932
15,186,2,med,O2,24,8.932
15,195,2,med,O2,24,8.932
15,188,1,med,O2,24,8.932
15,183,2,med,O2,24,8.932
15,200,1,med,O2,24,8.932
15,187,1,med,O2,24,8.932
15,190,2,med,O2,24,8.932
15,230,0,med,O2,24,8.932
15,140,0,med,O2,24,8.932
16,185,0,low,R3,25.5,10.584
16,195,2,low,R3,25.5,10.584
16,160,1,low,R3,25.5,10.584
16,187,3,low,R3,25.5,10.584
16,182,3,low,R3,25.5,10.584
16,188,3,low,R3,25.5,10.584
16,175,3,low,R3,25.5,10.584
16,170,3,low,R3,25.5,10.584
16,140,0,low,R3,25.5,10.584
16,250,2,low,R3,25.5,10.584
16,190,0,low,R3,25.5,10.584
16,200,1,low,R3,25.5,10.584
16,230,2,low,R3,25.5,10.584
16,210,3,low,R3,25.5,10.584
16,183,0,low,R3,25.5,10.584
16,180,3,low,R3,25.5,10.584
16,184,3,low,R3,25.5,10.584
16,186,2,low,R3,25.5,10.584
17,186,3,low,R3,24.5,9.924
17,187,0,low,R3,24.5,9.924
17,230,0,low,R3,24.5,9.924
17,188,1,low,R3,24.5,9.924
17,250,0,low,R3,24.5,9.924
17,170,0,low,R3,24.5,9.924
17,180,1,low,R3,24.5,9.924
17,175,3,low,R3,24.5,9.924
17,190,3,low,R3,24.5,9.924
17,200,3,low,R3,24.5,9.924
17,210,3,low,R3,24.5,9.924
17,160,0,low,R3,24.5,9.924
17,185,3,low,R3,24.5,9.924
17,140,0,low,R3,24.5,9.924
17,184,3,low,R3,24.5,9.924
17,182,3,low,R3,24.5,9.924
17,183,3,low,R3,24.5,9.924
17,195,3,low,R3,24.5,9.924
18,210,0,low,R3,24,10.166
18,160,0,low,R3,24,10.166
18,184,2,low,R3,24,10.166
18,190,2,low,R3,24,10.166
18,182,2,low,R3,24,10.166
18,230,0,low,R3,24,10.166
18,183,3,low,R3,24,10.166
18,200,0,low,R3,24,10.166
18,140,0,low,R3,24,10.166
18,187,2,low,R3,24,10.166
18,170,2,low,R3,24,10.166
18,186,2,low,R3,24,10.166
18,180,3,low,R3,24,10.166
18,175,3,low,R3,24,10.166
18,188,2,low,R3,24,10.166
18,195,0,low,R3,24,10.166
18,250,0,low,R3,24,10.166
18,185,2,low,R3,24,10.166
19,184,0,low,R3,24,9.912
19,200,0,low,R3,24,9.912
19,186,0,low,R3,24,9.912
19,230,0,low,R3,24,9.912
19,170,0,low,R3,24,9.912
19,250,0,low,R3,24,9.912
19,210,1,low,R3,24,9.912
19,160,0,low,R3,24,9.912
19,195,0,low,R3,24,9.912
19,188,2,low,R3,24,9.912
19,183,2,low,R3,24,9.912
19,187,0,low,R3,24,9.912
19,190,0,low,R3,24,9.912
19,182,2,low,R3,24,9.912
19,140,0,low,R3,24,9.912
19,175,0,low,R3,24,9.912
19,180,3,low,R3,24,9.912
19,185,1,low,R3,24,9.912
20,170,0,low,R3,24.5,n/a
20,250,3,low,R3,24.5,n/a
20,188,2,low,R3,24.5,n/a
20,195,1,low,R3,24.5,n/a
20,187,3,low,R3,24.5,n/a
20,140,3,low,R3,24.5,n/a
20,230,3,low,R3,24.5,n/a
20,182,3,low,R3,24.5,n/a
20,185,0,low,R3,24.5,n/a
20,175,0,low,R3,24.5,n/a
20,183,0,low,R3,24.5,n/a
20,160,1,low,R3,24.5,n/a
20,184,0,low,R3,24.5,n/a
20,210,0,low,R3,24.5,n/a
20,186,0,low,R3,24.5,n/a
20,180,0,low,R3,24.5,n/a
20,190,0,low,R3,24.5,n/a
20,200,3,low,R3,24.5,n/a
21,160,1,low,R3,24.5,9.994
21,195,3,low,R3,24.5,9.994
21,186,3,low,R3,24.5,9.994
21,250,3,low,R3,24.5,9.994
21,210,2,low,R3,24.5,9.994
21,180,3,low,R3,24.5,9.994
21,200,3,low,R3,24.5,9.994
21,183,3,low,R3,24.5,9.994
21,170,2,low,R3,24.5,9.994
21,184,0,low,R3,24.5,9.994
21,140,3,low,R3,24.5,9.994
21,187,0,low,R3,24.5,9.994
21,175,3,low,R3,24.5,9.994
21,182,3,low,R3,24.5,9.994
21,230,3,low,R3,24.5,9.994
21,185,2,low,R3,24.5,9.994
21,188,3,low,R3,24.5,9.994
21,190,2,low,R3,24.5,9.994
22,160,0,low,AB1,25.5,7.864
22,250,0,low,AB1,25.5,7.864
22,180,0,low,AB1,25.5,7.864
22,187,0,low,AB1,25.5,7.864
22,190,2,low,AB1,25.5,7.864
22,182,2,low,AB1,25.5,7.864
22,200,1,low,AB1,25.5,7.864
22,183,2,low,AB1,25.5,7.864
22,170,3,low,AB1,25.5,7.864
22,175,3,low,AB1,25.5,7.864
22,186,3,low,AB1,25.5,7.864
22,140,1,low,AB1,25.5,7.864
22,210,0,low,AB1,25.5,7.864
22,185,0,low,AB1,25.5,7.864
22,195,3,low,AB1,25.5,7.864
22,230,0,low,AB1,25.5,7.864
22,184,3,low,AB1,25.5,7.864
22,188,2,low,AB1,25.5,7.864
23,184,2,low,AB1,24.5,7.698
23,160,0,low,AB1,24.5,7.698
23,175,0,low,AB1,24.5,7.698
23,195,0,low,AB1,24.5,7.698
23,200,2,low,AB1,24.5,7.698
23,182,0,low,AB1,24.5,7.698
23,180,0,low,AB1,24.5,7.698
23,188,0,low,AB1,24.5,7.698
23,183,0,low,AB1,24.5,7.698
23,185,0,low,AB1,24.5,7.698
23,190,0,low,AB1,24.5,7.698
23,210,0,low,AB1,24.5,7.698
23,140,3,low,AB1,24.5,7.698
23,170,0,low,AB1,24.5,7.698
23,187,1,low,AB1,24.5,7.698
23,250,0,low,AB1,24.5,7.698
23,186,2,low,AB1,24.5,7.698
23,230,3,low,AB1,24.5,7.698
24,188,0,low,AB1,24.5,7.946
24,185,0,low,AB1,24.5,7.946
24,190,1,low,AB1,24.5,7.946
24,200,0,low,AB1,24.5,7.946
24,186,2,low,AB1,24.5,7.946
24,140,3,low,AB1,24.5,7.946
24,175,2,low,AB1,24.5,7.946
24,187,3,low,AB1,24.5,7.946
24,183,1,low,AB1,24.5,7.946
24,184,2,low,AB1,24.5,7.946
24,230,3,low,AB1,24.5,7.946
24,170,2,low,AB1,24.5,7.946
24,195,3,low,AB1,24.5,7.946
24,250,0,low,AB1,24.5,7.946
24,180,2,low,AB1,24.5,7.946
24,160,1,low,AB1,24.5,7.946
24,210,2,low,AB1,24.5,7.946
24,182,0,low,AB1,24.5,7.946
25,195,3,low,AB1,24.5,8.248
25,210,1,low,AB1,24.5,8.248
25,186,1,low,AB1,24.5,8.248
25,140,2,low,AB1,24.5,8.248
25,180,1,low,AB1,24.5,8.248
25,183,1,low,AB1,24.5,8.248
25,200,2,low,AB1,24.5,8.248
25,184,2,low,AB1,24.5,8.248
25,170,2,low,AB1,24.5,8.248
25,175,1,low,AB1,24.5,8.248
25,188,1,low,AB1,24.5,8.248
25,230,0,low,AB1,24.5,8.248
25,185,0,low,AB1,24.5,8.248
25,160,0,low,AB1,24.5,8.248
25,190,0,low,AB1,24.5,8.248
25,187,1,low,AB1,24.5,8.248
25,182,2,low,AB1,24.5,8.248
25,250,2,low,AB1,24.5,8.248
26,183,0,low,AB1,25.5,8.12
26,175,2,low,AB1,25.5,8.12
26,140,3,low,AB1,25.5,8.12
26,185,1,low,AB1,25.5,8.12
26,210,1,low,AB1,25.5,8.12
26,184,0,low,AB1,25.5,8.12
26,182,1,low,AB1,25.5,8.12
26,195,1,low,AB1,25.5,8.12
26,170,0,low,AB1,25.5,8.12
26,187,0,low,AB1,25.5,8.12
26,200,2,low,AB1,25.5,8.12
26,250,1,low,AB1,25.5,8.12
26,188,0,low,AB1,25.5,8.12
26,230,0,low,AB1,25.5,8.12
26,160,0,low,AB1,25.5,8.12
26,180,2,low,AB1,25.5,8.12
26,190,0,low,AB1,25.5,8.12
26,186,0,low,AB1,25.5,8.12
27,250,0,high,B3,24,8.878
27,188,2,high,B3,24,8.878
27,182,0,high,B3,24,8.878
27,187,1,high,B3,24,8.878
27,184,3,high,B3,24,8.878
27,210,3,high,B3,24,8.878
27,200,3,high,B3,24,8.878
27,183,3,high,B3,24,8.878
27,140,3,high,B3,24,8.878
27,175,3,high,B3,24,8.878
27,186,0,high,B3,24,8.878
27,185,3,high,B3,24,8.878
27,195,3,high,B3,24,8.878
27,190,3,high,B3,24,8.878
27,160,3,high,B3,24,8.878
27,180,3,high,B3,24,8.878
27,230,3,high,B3,24,8.878
27,170,3,high,B3,24,8.878
28,170,3,high,B3,24,7.088
28,230,3,high,B3,24,7.088
28,160,3,high,B3,24,7.088
28,175,3,high,B3,24,7.088
28,195,3,high,B3,24,7.088
28,210,3,high,B3,24,7.088
28,200,3,high,B3,24,7.088
28,190,2,high,B3,24,7.088
28,185,3,high,B3,24,7.088
28,180,3,high,B3,24,7.088
28,140,2,high,B3,24,7.088
28,183,3,high,B3,24,7.088
28,250,3,high,B3,24,7.088
28,187,3,high,B3,24,7.088
28,186,3,high,B3,24,7.088
28,182,3,high,B3,24,7.088
28,188,3,high,B3,24,7.088
28,184,3,high,B3,24,7.088
29,185,3,med,K2,24,8.826
29,188,1,med,K2,24,8.826
29,170,3,med,K2,24,8.826
29,187,3,med,K2,24,8.826
29,175,3,med,K2,24,8.826
29,210,3,med,K2,24,8.826
29,182,3,med,K2,24,8.826
29,160,3,med,K2,24,8.826
29,195,3,med,K2,24,8.826
29,183,3,med,K2,24,8.826
29,250,3,med,K2,24,8.826
29,180,3,med,K2,24,8.826
29,230,3,med,K2,24,8.826
29,140,3,med,K2,24,8.826
29,200,2,med,K2,24,8.826
29,184,2,med,K2,24,8.826
29,186,2,med,K2,24,8.826
29,190,3,med,K2,24,8.826
30,185,1,med,K2,25,8.824
30,140,2,med,K2,25,8.824
30,200,2,med,K2,25,8.824
30,210,0,med,K2,25,8.824
30,190,3,med,K2,25,8.824
30,182,3,med,K2,25,8.824
30,195,0,med,K2,25,8.824
30,170,0,med,K2,25,8.824
30,250,3,med,K2,25,8.824
30,175,3,med,K2,25,8.824
30,180,3,med,K2,25,8.824
30,230,3,med,K2,25,8.824
30,160,1,med,K2,25,8.824
30,184,3,med,K2,25,8.824
30,183,3,med,K2,25,8.824
30,187,3,med,K2,25,8.824
30,186,3,med,K2,25,8.824
30,188,3,med,K2,25,8.824
31,180,0,med,K2,24.5,8.036
31,230,1,med,K2,24.5,8.036
31,185,2,med,K2,24.5,8.036
31,175,0,med,K2,24.5,8.036
31,250,0,med,K2,24.5,8.036
31,182,0,med,K2,24.5,8.036
31,160,0,med,K2,24.5,8.036
31,140,0,med,K2,24.5,8.036
31,183,0,med,K2,24.5,8.036
31,187,0,med,K2,24.5,8.036
31,184,0,med,K2,24.5,8.036
31,186,3,med,K2,24.5,8.036
31,170,3,med,K2,24.5,8.036
31,210,2,med,K2,24.5,8.036
31,188,0,med,K2,24.5,8.036
31,200,3,med,K2,24.5,8.036
31,190,3,med,K2,24.5,8.036
31,195,3,med,K2,24.5,8.036
32,140,1,med,K2,24.5,9.576
32,160,2,med,K2,24.5,9.576
32,185,3,med,K2,24.5,9.576
32,230,1,med,K2,24.5,9.576
32,184,2,med,K2,24.5,9.576
32,170,3,med,K2,24.5,9.576
32,210,3,med,K2,24.5,9.576
32,186,3,med,K2,24.5,9.576
32,187,2,med,K2,24.5,9.576
32,180,3,med,K2,24.5,9.576
32,200,3,med,K2,24.5,9.576
32,175,3,med,K2,24.5,9.576
32,183,1,med,K2,24.5,9.576
32,190,3,med,K2,24.5,9.576
32,250,3,med,K2,24.5,9.576
32,195,3,med,K2,24.5,9.576
32,182,2,med,K2,24.5,9.576
32,188,3,med,K2,24.5,9.576
33,170,3,med,K2,24,8.16
33,230,3,med,K2,24,8.16
33,210,3,med,K2,24,8.16
33,160,3,med,K2,24,8.16
33,186,3,med,K2,24,8.16
33,184,3,med,K2,24,8.16
33,195,3,med,K2,24,8.16
33,188,3,med,K2,24,8.16
33,182,3,med,K2,24,8.16
33,185,2,med,K2,24,8.16
33,180,3,med,K2,24,8.16
33,190,3,med,K2,24,8.16
33,250,3,med,K2,24,8.16
33,175,3,med,K2,24,8.16
33,200,3,med,K2,24,8.16
33,183,3,med,K2,24,8.16
33,140,3,med,K2,24,8.16
33,187,3,med,K2,24,8.16
34,230,0,med,K2,25,8.276
34,175,3,med,K2,25,8.276
34,190,3,med,K2,25,8.276
34,250,2,med,K2,25,8.276
34,182,2,med,K2,25,8.276
34,195,3,med,K2,25,8.276
34,187,2,med,K2,25,8.276
34,185,3,med,K2,25,8.276
34,160,3,med,K2,25,8.276
34,180,3,med,K2,25,8.276
34,170,2,med,K2,25,8.276
34,183,1,med,K2,25,8.276
34,140,3,med,K2,25,8.276
34,200,3,med,K2,25,8.276
34,188,3,med,K2,25,8.276
34,186,2,med,K2,25,8.276
34,210,3,med,K2,25,8.276
34,184,3,med,K2,25,8.276
35,140,0,med,K2,24.5,8.69
35,175,1,med,K2,24.5,8.69
35,188,3,med,K2,24.5,8.69
35,160,3,med,K2,24.5,8.69
35,195,3,med,K2,24.5,8.69
35,190,0,med,K2,24.5,8.69
35,182,3,med,K2,24.5,8.69
35,200,3,med,K2,24.5,8.69
35,186,3,med,K2,24.5,8.69
35,185,3,med,K2,24.5,8.69
35,184,3,med,K2,24.5,8.69
35,250,3,med,K2,24.5,8.69
35,183,2,med,K2,24.5,8.69
35,170,0,med,K2,24.5,8.69
35,187,0,med,K2,24.5,8.69
35,230,3,med,K2,24.5,8.69
35,210,3,med,K2,24.5,8.69
35,180,1,med,K2,24.5,8.69
36,160,3,med,K2,24.5,8.862
36,230,1,med,K2,24.5,8.862
36,186,3,med,K2,24.5,8.862
36,184,2,med,K2,24.5,8.862
36,183,0,med,K2,24.5,8.862
36,195,3,med,K2,24.5,8.862
36,182,0,med,K2,24.5,8.862
36,175,3,med,K2,24.5,8.862
36,190,1,med,K2,24.5,8.862
36,185,1,med,K2,24.5,8.862
36,180,2,med,K2,24.5,8.862
36,187,2,med,K2,24.5,8.862
36,250,3,med,K2,24.5,8.862
36,170,0,med,K2,24.5,8.862
36,140,0,med,K2,24.5,8.862
36,210,0,med,K2,24.5,8.862
36,200,1,med,K2,24.5,8.862
36,188,2,med,K2,24.5,8.862
37,184,3,med,K2,24.5,8.752
37,230,3,med,K2,24.5,8.752
37,183,3,med,K2,24.5,8.752
37,188,3,med,K2,24.5,8.752
37,140,3,med,K2,24.5,8.752
37,210,3,med,K2,24.5,8.752
37,170,3,med,K2,24.5,8.752
37,175,3,med,K2,24.5,8.752
37,200,2,med,K2,24.5,8.752
37,190,3,med,K2,24.5,8.752
37,187,3,med,K2,24.5,8.752
37,182,3,med,K2,24.5,8.752
37,185,3,med,K2,24.5,8.752
37,250,2,med,K2,24.5,8.752
37,160,1,med,K2,24.5,8.752
37,195,2,med,K2,24.5,8.752
37,186,0,med,K2,24.5,8.752
37,180,0,med,K2,24.5,8.752
38,185,3,med,K2,25,9.154
38,230,3,med,K2,25,9.154
38,210,3,med,K2,25,9.154
38,250,0,med,K2,25,9.154
38,182,3,med,K2,25,9.154
38,170,3,med,K2,25,9.154
38,183,3,med,K2,25,9.154
38,190,3,med,K2,25,9.154
38,188,3,med,K2,25,9.154
38,180,2,med,K2,25,9.154
38,175,3,med,K2,25,9.154
38,195,2,med,K2,25,9.154
38,186,3,med,K2,25,9.154
38,160,3,med,K2,25,9.154
38,187,0,med,K2,25,9.154
38,184,3,med,K2,25,9.154
38,140,2,med,K2,25,9.154
38,200,3,med,K2,25,9.154
39,195,0,med,K2,24.5,8.622
39,210,1,med,K2,24.5,8.622
39,182,3,med,K2,24.5,8.622
39,160,3,med,K2,24.5,8.622
39,184,2,med,K2,24.5,8.622
39,183,3,med,K2,24.5,8.622
39,185,3,med,K2,24.5,8.622
39,175,3,med,K2,24.5,8.622
39,200,3,med,K2,24.5,8.622
39,170,3,med,K2,24.5,8.622
39,250,3,med,K2,24.5,8.622
39,188,3,med,K2,24.5,8.622
39,190,3,med,K2,24.5,8.622
39,187,3,med,K2,24.5,8.622
39,140,3,med,K2,24.5,8.622
39,180,3,med,K2,24.5,8.622
39,186,3,med,K2,24.5,8.622
39,230,3,med,K2,24.5,8.622
40,250,3,low,X1,24.5,9.788
40,190,3,low,X1,24.5,9.788
40,183,3,low,X1,24.5,9.788
40,186,3,low,X1,24.5,9.788
40,230,3,low,X1,24.5,9.788
40,175,3,low,X1,24.5,9.788
40,185,3,low,X1,24.5,9.788
40,210,3,low,X1,24.5,9.788
40,188,3,low,X1,24.5,9.788
40,160,3,low,X1,24.5,9.788
40,200,3,low,X1,24.5,9.788
40,180,3,low,X1,24.5,9.788
40,195,3,low,X1,24.5,9.788
40,182,1,low,X1,24.5,9.788
40,140,3,low,X1,24.5,9.788
40,184,3,low,X1,24.5,9.788
40,187,3,low,X1,24.5,9.788
40,170,1,low,X1,24.5,9.788
41,188,3,low,X1,24.5,9.83
41,170,3,low,X1,24.5,9.83
41,187,3,low,X1,24.5,9.83
41,175,3,low,X1,24.5,9.83
41,195,3,low,X1,24.5,9.83
41,200,2,low,X1,24.5,9.83
41,250,3,low,X1,24.5,9.83
41,180,3,low,X1,24.5,9.83
41,230,3,low,X1,24.5,9.83
41,184,3,low,X1,24.5,9.83
41,185,3,low,X1,24.5,9.83
41,183,2,low,X1,24.5,9.83
41,190,3,low,X1,24.5,9.83
41,140,1,low,X1,24.5,9.83
41,182,3,low,X1,24.5,9.83
41,186,3,low,X1,24.5,9.83
41,210,3,low,X1,24.5,9.83
41,160,3,low,X1,24.5,9.83
42,183,2,low,X1,24,9.102
42,185,3,low,X1,24,9.102
42,187,2,low,X1,24,9.102
42,195,0,low,X1,24,9.102
42,188,0,low,X1,24,9.102
42,140,3,low,X1,24,9.102
42,210,3,low,X1,24,9.102
42,180,3,low,X1,24,9.102
42,200,3,low,X1,24,9.102
42,182,3,low,X1,24,9.102
42,230,3,low,X1,24,9.102
42,250,1,low,X1,24,9.102
42,170,3,low,X1,24,9.102
42,160,2,low,X1,24,9.102
42,175,3,low,X1,24,9.102
42,190,3,low,X1,24,9.102
42,184,0,low,X1,24,9.102
42,186,1,low,X1,24,9.102
43,185,3,low,X1,24,10.274
43,190,3,low,X1,24,10.274
43,186,3,low,X1,24,10.274
43,140,1,low,X1,24,10.274
43,250,1,low,X1,24,10.274
43,200,3,low,X1,24,10.274
43,195,3,low,X1,24,10.274
43,175,3,low,X1,24,10.274
43,183,2,low,X1,24,10.274
43,170,3,low,X1,24,10.274
43,182,3,low,X1,24,10.274
43,230,2,low,X1,24,10.274
43,180,3,low,X1,24,10.274
43,184,3,low,X1,24,10.274
43,210,3,low,X1,24,10.274
43,188,2,low,X1,24,10.274
43,160,3,low,X1,24,10.274
43,187,2,low,X1,24,10.274
44,187,2,med,L3,24,10.218
44,230,3,med,L3,24,10.218
44,188,3,med,L3,24,10.218
44,140,3,med,L3,24,10.218
44,160,2,med,L3,24,10.218
44,200,0,med,L3,24,10.218
44,186,1,med,L3,24,10.218
44,195,1,med,L3,24,10.218
44,183,3,med,L3,24,10.218
44,182,3,med,L3,24,10.218
44,175,3,med,L3,24,10.218
44,180,3,med,L3,24,10.218
44,184,3,med,L3,24,10.218
44,210,3,med,L3,24,10.218
44,185,3,med,L3,24,10.218
44,190,3,med,L3,24,10.218
44,250,2,med,L3,24,10.218
44,170,3,med,L3,24,10.218
45,186,2,med,L3,24,8.852
45,175,3,med,L3,24,8.852
45,184,2,med,L3,24,8.852
45,190,3,med,L3,24,8.852
45,230,3,med,L3,24,8.852
45,210,1,med,L3,24,8.852
45,160,3,med,L3,24,8.852
45,140,2,med,L3,24,8.852
45,187,2,med,L3,24,8.852
45,180,3,med,L3,24,8.852
45,185,3,med,L3,24,8.852
45,183,3,med,L3,24,8.852
45,182,2,med,L3,24,8.852
45,250,3,med,L3,24,8.852
45,200,3,med,L3,24,8.852
45,195,3,med,L3,24,8.852
45,170,3,med,L3,24,8.852
45,188,3,med,L3,24,8.852
46,190,0,med,L3,24.5,8.316
46,230,1,med,L3,24.5,8.316
46,170,1,med,L3,24.5,8.316
46,200,0,med,L3,24.5,8.316
46,180,0,med,L3,24.5,8.316
46,140,1,med,L3,24.5,8.316
46,195,2,med,L3,24.5,8.316
46,160,0,med,L3,24.5,8.316
46,250,1,med,L3,24.5,8.316
46,184,3,med,L3,24.5,8.316
46,183,2,med,L3,24.5,8.316
46,210,2,med,L3,24.5,8.316
46,182,2,med,L3,24.5,8.316
46,187,1,med,L3,24.5,8.316
46,186,2,med,L3,24.5,8.316
46,188,0,med,L3,24.5,8.316
46,185,0,med,L3,24.5,8.316
46,175,0,med,L3,24.5,8.316
47,210,0,med,L3,25,10.378
47,182,0,med,L3,25,10.378
47,185,2,med,L3,25,10.378
47,140,3,med,L3,25,10.378
47,230,3,med,L3,25,10.378
47,188,3,med,L3,25,10.378
47,200,3,med,L3,25,10.378
47,175,3,med,L3,25,10.378
47,183,3,med,L3,25,10.378
47,186,2,med,L3,25,10.378
47,184,3,med,L3,25,10.378
47,187,3,med,L3,25,10.378
47,195,1,med,L3,25,10.378
47,180,3,med,L3,25,10.378
47,190,3,med,L3,25,10.378
47,170,3,med,L3,25,10.378
47,160,3,med,L3,25,10.378
47,250,3,med,L3,25,10.378
49,210,2,high,A3,24.5,9.7
49,184,0,high,A3,24.5,9.7
49,140,0,high,A3,24.5,9.7
49,175,1,high,A3,24.5,9.7
49,170,0,high,A3,24.5,9.7
49,187,0,high,A3,24.5,9.7
49,182,0,high,A3,24.5,9.7
49,183,0,high,A3,24.5,9.7
49,200,0,high,A3,24.5,9.7
49,180,0,high,A3,24.5,9.7
49,186,0,high,A3,24.5,9.7
49,195,0,high,A3,24.5,9.7
49,188,0,high,A3,24.5,9.7
49,185,0,high,A3,24.5,9.7
49,250,0,high,A3,24.5,9.7
49,230,0,high,A3,24.5,9.7
49,160,0,high,A3,24.5,9.7
49,190,2,high,A3,24.5,9.7
50,186,3,high,A3,24.5,8.868
50,250,0,high,A3,24.5,8.868
50,160,3,high,A3,24.5,8.868
50,188,0,high,A3,24.5,8.868
50,140,3,high,A3,24.5,8.868
50,170,3,high,A3,24.5,8.868
50,195,3,high,A3,24.5,8.868
50,183,3,high,A3,24.5,8.868
50,180,3,high,A3,24.5,8.868
50,210,3,high,A3,24.5,8.868
50,230,3,high,A3,24.5,8.868
50,187,3,high,A3,24.5,8.868
50,182,3,high,A3,24.5,8.868
50,184,3,high,A3,24.5,8.868
50,190,3,high,A3,24.5,8.868
50,200,1,high,A3,24.5,8.868
50,175,3,high,A3,24.5,8.868
50,185,3,high,A3,24.5,8.868
51,230,2,high,A3,24.5,9.376
51,140,0,high,A3,24.5,9.376
51,180,0,high,A3,24.5,9.376
51,210,3,high,A3,24.5,9.376
51,200,2,high,A3,24.5,9.376
51,185,0,high,A3,24.5,9.376
51,188,2,high,A3,24.5,9.376
51,190,3,high,A3,24.5,9.376
51,184,0,high,A3,24.5,9.376
51,183,1,high,A3,24.5,9.376
51,160,0,high,A3,24.5,9.376
51,195,3,high,A3,24.5,9.376
51,182,2,high,A3,24.5,9.376
51,175,0,high,A3,24.5,9.376
51,186,3,high,A3,24.5,9.376
51,250,0,high,A3,24.5,9.376
51,187,0,high,A3,24.5,9.376
51,170,1,high,A3,24.5,9.376
52,187,0,high,A3,24.5,8.346
52,230,1,high,A3,24.5,8.346
52,250,3,high,A3,24.5,8.346
52,185,3,high,A3,24.5,8.346
52,188,3,high,A3,24.5,8.346
52,140,3,high,A3,24.5,8.346
52,186,2,high,A3,24.5,8.346
52,182,3,high,A3,24.5,8.346
52,200,3,high,A3,24.5,8.346
52,183,3,high,A3,24.5,8.346
52,190,3,high,A3,24.5,8.346
52,184,2,high,A3,24.5,8.346
52,175,1,high,A3,24.5,8.346
52,160,3,high,A3,24.5,8.346
52,170,2,high,A3,24.5,8.346
52,210,3,high,A3,24.5,8.346
52,195,3,high,A3,24.5,8.346
52,180,3,high,A3,24.5,8.346
53,180,2,low,R1,24.5,8.406
53,230,0,low,R1,24.5,8.406
53,183,0,low,R1,24.5,8.406
53,195,0,low,R1,24.5,8.406
53,184,3,low,R1,24.5,8.406
53,187,1,low,R1,24.5,8.406
53,190,1,low,R1,24.5,8.406
53,182,0,low,R1,24.5,8.406
53,185,0,low,R1,24.5,8.406
53,170,0,low,R1,24.5,8.406
53,140,0,low,R1,24.5,8.406
53,186,2,low,R1,24.5,8.406
53,250,1,low,R1,24.5,8.406
53,200,0,low,R1,24.5,8.406
53,160,1,low,R1,24.5,8.406
53,175,1,low,R1,24.5,8.406
53,210,2,low,R1,24.5,8.406
53,188,0,low,R1,24.5,8.406
54,180,3,high,A1,25,7.6
54,250,2,high,A1,25,7.6
54,230,0,high,A1,25,7.6
54,160,0,high,A1,25,7.6
54,175,3,high,A1,25,7.6
54,188,0,high,A1,25,7.6
54,186,0,high,A1,25,7.6
54,183,1,high,A1,25,7.6
54,182,0,high,A1,25,7.6
54,195,1,high,A1,25,7.6
54,170,0,high,A1,25,7.6
54,190,1,high,A1,25,7.6
54,184,0,high,A1,25,7.6
54,200,2,high,A1,25,7.6
54,187,2,high,A1,25,7.6
54,140,3,high,A1,25,7.6
54,185,3,high,A1,25,7.6
54,210,0,high,A1,25,7.6
55,195,2,high,A1,25,9.302
55,200,2,high,A1,25,9.302
55,170,3,high,A1,25,9.302
55,140,3,high,A1,25,9.302
55,188,2,high,A1,25,9.302
55,190,3,high,A1,25,9.302
55,175,3,high,A1,25,9.302
55,184,1,high,A1,25,9.302
55,250,2,high,A1,25,9.302
55,186,2,high,A1,25,9.302
55,180,0,high,A1,25,9.302
55,185,2,high,A1,25,9.302
55,182,2,high,A1,25,9.302
55,187,3,high,A1,25,9.302
55,230,3,high,A1,25,9.302
55,183,0,high,A1,25,9.302
55,210,1,high,A1,25,9.302
55,160,3,high,A1,25,9.302
56,180,2,high,A1,24.5,10.712
56,187,0,high,A1,24.5,10.712
56,195,1,high,A1,24.5,10.712
56,210,0,high,A1,24.5,10.712
56,185,0,high,A1,24.5,10.712
56,188,1,high,A1,24.5,10.712
56,175,0,high,A1,24.5,10.712
56,184,0,high,A1,24.5,10.712
56,183,0,high,A1,24.5,10.712
56,190,0,high,A1,24.5,10.712
56,250,0,high,A1,24.5,10.712
56,170,0,high,A1,24.5,10.712
56,230,0,high,A1,24.5,10.712
56,200,0,high,A1,24.5,10.712
56,182,0,high,A1,24.5,10.712
56,140,0,high,A1,24.5,10.712
56,160,0,high,A1,24.5,10.712
56,186,0,high,A1,24.5,10.712
57,187,3,high,A1,25,9.038
57,200,3,high,A1,25,9.038
57,210,3,high,A1,25,9.038
57,160,3,high,A1,25,9.038
57,170,3,high,A1,25,9.038
57,195,2,high,A1,25,9.038
57,182,2,high,A1,25,9.038
57,185,0,high,A1,25,9.038
57,175,0,high,A1,25,9.038
57,180,1,high,A1,25,9.038
57,250,3,high,A1,25,9.038
57,186,3,high,A1,25,9.038
57,230,3,high,A1,25,9.038
57,140,3,high,A1,25,9.038
57,190,3,high,A1,25,9.038
57,183,3,high,A1,25,9.038
57,184,3,high,A1,25,9.038
57,188,3,high,A1,25,9.038
58,210,2,high,A1,25,8.864
58,186,2,high,A1,25,8.864
58,200,2,high,A1,25,8.864
58,230,2,high,A1,25,8.864
58,190,3,high,A1,25,8.864
58,180,3,high,A1,25,8.864
58,250,2,high,A1,25,8.864
58,140,3,high,A1,25,8.864
58,160,1,high,A1,25,8.864
58,185,3,high,A1,25,8.864
58,175,0,high,A1,25,8.864
58,187,3,high,A1,25,8.864
58,183,0,high,A1,25,8.864
58,182,3,high,A1,25,8.864
58,170,1,high,A1,25,8.864
58,184,2,high,A1,25,8.864
58,188,3,high,A1,25,8.864
58,195,1,high,A1,25,8.864
59,170,0,high,A1,25,8.41
59,230,0,high,A1,25,8.41
59,186,1,high,A1,25,8.41
59,160,0,high,A1,25,8.41
59,188,0,high,A1,25,8.41
59,183,0,high,A1,25,8.41
59,184,0,high,A1,25,8.41
59,182,0,high,A1,25,8.41
59,190,0,high,A1,25,8.41
59,175,0,high,A1,25,8.41
59,140,1,high,A1,25,8.41
59,200,0,high,A1,25,8.41
59,250,0,high,A1,25,8.41
59,195,0,high,A1,25,8.41
59,210,2,high,A1,25,8.41
59,185,1,high,A1,25,8.41
59,180,0,high,A1,25,8.41
59,187,0,high,A1,25,8.41
60,195,0,med,M2,24.5,9.298
60,184,2,med,M2,24.5,9.298
60,140,0,med,M2,24.5,9.298
60,185,0,med,M2,24.5,9.298
60,210,0,med,M2,24.5,9.298
60,188,1,med,M2,24.5,9.298
60,186,0,med,M2,24.5,9.298
60,183,0,med,M2,24.5,9.298
60,160,0,med,M2,24.5,9.298
60,180,1,med,M2,24.5,9.298
60,230,0,med,M2,24.5,9.298
60,175,0,med,M2,24.5,9.298
60,250,0,med,M2,24.5,9.298
60,187,0,med,M2,24.5,9.298
60,170,2,med,M2,24.5,9.298
60,190,1,med,M2,24.5,9.298
60,182,0,med,M2,24.5,9.298
60,200,0,med,M2,24.5,9.298
61,230,0,med,M2,25,8.752
61,188,0,med,M2,25,8.752
61,210,0,med,M2,25,8.752
61,250,0,med,M2,25,8.752
61,160,0,med,M2,25,8.752
61,187,0,med,M2,25,8.752
61,200,0,med,M2,25,8.752
61,170,0,med,M2,25,8.752
61,185,0,med,M2,25,8.752
61,182,0,med,M2,25,8.752
61,195,0,med,M2,25,8.752
61,190,0,med,M2,25,8.752
61,140,0,med,M2,25,8.752
61,175,0,med,M2,25,8.752
61,180,0,med,M2,25,8.752
61,184,0,med,M2,25,8.752
61,186,0,med,M2,25,8.752
61,183,0,med,M2,25,8.752
62,184,3,med,M2,25,9.13
62,250,3,med,M2,25,9.13
62,185,1,med,M2,25,9.13
62,140,2,med,M2,25,9.13
62,160,0,med,M2,25,9.13
62,180,3,med,M2,25,9.13
62,183,3,med,M2,25,9.13
62,182,3,med,M2,25,9.13
62,188,1,med,M2,25,9.13
62,230,3,med,M2,25,9.13
62,195,3,med,M2,25,9.13
62,175,2,med,M2,25,9.13
62,190,2,med,M2,25,9.13
62,186,3,med,M2,25,9.13
62,170,3,med,M2,25,9.13
62,210,3,med,M2,25,9.13
62,200,2,med,M2,25,9.13
62,187,3,med,M2,25,9.13
63,186,2,med,M2,25,8.108
63,175,3,med,M2,25,8.108
63,250,2,med,M2,25,8.108
63,185,2,med,M2,25,8.108
63,230,2,med,M2,25,8.108
63,184,3,med,M2,25,8.108
63,187,3,med,M2,25,8.108
63,188,3,med,M2,25,8.108
63,180,3,med,M2,25,8.108
63,190,0,med,M2,25,8.108
63,200,0,med,M2,25,8.108
63,210,0,med,M2,25,8.108
63,183,3,med,M2,25,8.108
63,195,1,med,M2,25,8.108
63,140,3,med,M2,25,8.108
63,182,3,med,M2,25,8.108
63,160,3,med,M2,25,8.108
63,170,3,med,M2,25,8.108
64,175,3,med,M2,24.5,9.58
64,190,3,med,M2,24.5,9.58
64,210,3,med,M2,24.5,9.58
64,187,3,med,M2,24.5,9.58
64,182,3,med,M2,24.5,9.58
64,188,3,med,M2,24.5,9.58
64,186,3,med,M2,24.5,9.58
64,195,3,med,M2,24.5,9.58
64,183,3,med,M2,24.5,9.58
64,170,3,med,M2,24.5,9.58
64,250,3,med,M2,24.5,9.58
64,140,3,med,M2,24.5,9.58
64,230,3,med,M2,24.5,9.58
64,160,1,med,M2,24.5,9.58
64,185,3,med,M2,24.5,9.58
64,180,1,med,M2,24.5,9.58
64,184,0,med,M2,24.5,9.58
64,200,0,med,M2,24.5,9.58
65,183,2,med,M2,25,7.888
65,195,0,med,M2,25,7.888
65,186,2,med,M2,25,7.888
65,210,0,med,M2,25,7.888
65,190,0,med,M2,25,7.888
65,182,1,med,M2,25,7.888
65,188,1,med,M2,25,7.888
65,187,3,med,M2,25,7.888
65,184,2,med,M2,25,7.888
65,200,0,med,M2,25,7.888
65,175,0,med,M2,25,7.888
65,185,0,med,M2,25,7.888
65,180,1,med,M2,25,7.888
65,250,0,med,M2,25,7.888
65,170,0,med,M2,25,7.888
65,160,0,med,M2,25,7.888
65,230,0,med,M2,25,7.888
65,140,2,med,M2,25,7.888
66,185,1,med,M2,25,9.146
66,188,3,med,M2,25,9.146
66,182,1,med,M2,25,9.146
66,200,3,med,M2,25,9.146
66,186,2,med,M2,25,9.146
66,183,2,med,M2,25,9.146
66,180,0,med,M2,25,9.146
66,210,3,med,M2,25,9.146
66,190,0,med,M2,25,9.146
66,250,3,med,M2,25,9.146
66,230,3,med,M2,25,9.146
66,170,2,med,M2,25,9.146
66,184,1,med,M2,25,9.146
66,160,1,med,M2,25,9.146
66,187,2,med,M2,25,9.146
66,195,1,med,M2,25,9.146
66,140,0,med,M2,25,9.146
66,175,3,med,M2,25,9.146
67,210,3,med,M2,25,n/a
67,190,3,med,M2,25,n/a
67,200,0,med,M2,25,n/a
67,180,3,med,M2,25,n/a
67,183,3,med,M2,25,n/a
67,187,3,med,M2,25,n/a
67,140,2,med,M2,25,n/a
67,185,3,med,M2,25,n/a
67,160,3,med,M2,25,n/a
67,186,3,med,M2,25,n/a
67,182,3,med,M2,25,n/a
67,175,3,med,M2,25,n/a
67,184,3,med,M2,25,n/a
67,188,3,med,M2,25,n/a
67,195,3,med,M2,25,n/a
67,170,1,med,M2,25,n/a
67,250,0,med,M2,25,n/a
67,230,2,med,M2,25,n/a
68,230,0,med,M2,24.5,8.686
68,184,2,med,M2,24.5,8.686
68,160,1,med,M2,24.5,8.686
68,200,2,med,M2,24.5,8.686
68,186,0,med,M2,24.5,8.686
68,187,0,med,M2,24.5,8.686
68,185,1,med,M2,24.5,8.686
68,188,0,med,M2,24.5,8.686
68,175,0,med,M2,24.5,8.686
68,250,0,med,M2,24.5,8.686
68,195,0,med,M2,24.5,8.686
68,210,0,med,M2,24.5,8.686
68,190,0,med,M2,24.5,8.686
68,183,0,med,M2,24.5,8.686
68,182,0,med,M2,24.5,8.686
68,170,0,med,M2,24.5,8.686
68,140,0,med,M2,24.5,8.686
68,180,0,med,M2,24.5,8.686
69,140,2,med,M2,25,8.862
69,210,0,med,M2,25,8.862
69,183,1,med,M2,25,8.862
69,200,1,med,M2,25,8.862
69,182,0,med,M2,25,8.862
69,190,2,med,M2,25,8.862
69,187,1,med,M2,25,8.862
69,180,2,med,M2,25,8.862
69,160,2,med,M2,25,8.862
69,195,0,med,M2,25,8.862
69,188,3,med,M2,25,8.862
69,184,3,med,M2,25,8.862
69,185,1,med,M2,25,8.862
69,186,2,med,M2,25,8.862
69,250,3,med,M2,25,8.862
69,230,0,med,M2,25,8.862
69,175,0,med,M2,25,8.862
69,170,0,med,M2,25,8.862
70,187,3,med,M2,25,8.418
70,230,3,med,M2,25,8.418
70,185,3,med,M2,25,8.418
70,184,1,med,M2,25,8.418
70,190,3,med,M2,25,8.418
70,186,3,med,M2,25,8.418
70,200,3,med,M2,25,8.418
70,195,3,med,M2,25,8.418
70,188,3,med,M2,25,8.418
70,140,0,med,M2,25,8.418
70,182,3,med,M2,25,8.418
70,180,0,med,M2,25,8.418
70,160,2,med,M2,25,8.418
70,183,0,med,M2,25,8.418
70,175,3,med,M2,25,8.418
70,210,3,med,M2,25,8.418
70,250,2,med,M2,25,8.418
70,170,3,med,M2,25,8.418
71,182,3,med,L2,25,8.124
71,210,3,med,L2,25,8.124
71,187,3,med,L2,25,8.124
71,188,3,med,L2,25,8.124
71,186,0,med,L2,25,8.124
71,190,3,med,L2,25,8.124
71,230,3,med,L2,25,8.124
71,200,3,med,L2,25,8.124
71,180,0,med,L2,25,8.124
71,160,0,med,L2,25,8.124
71,184,3,med,L2,25,8.124
71,250,0,med,L2,25,8.124
71,185,3,med,L2,25,8.124
71,140,0,med,L2,25,8.124
71,175,0,med,L2,25,8.124
71,183,2,med,L2,25,8.124
71,170,0,med,L2,25,8.124
71,195,3,med,L2,25,8.124
72,190,3,med,L2,25,8.152
72,200,3,med,L2,25,8.152
72,184,3,med,L2,25,8.152
72,180,3,med,L2,25,8.152
72,140,0,med,L2,25,8.152
72,185,3,med,L2,25,8.152
72,187,3,med,L2,25,8.152
72,186,3,med,L2,25,8.152
72,230,3,med,L2,25,8.152
72,170,3,med,L2,25,8.152
72,182,3,med,L2,25,8.152
72,210,3,med,L2,25,8.152
72,183,3,med,L2,25,8.152
72,250,3,med,L2,25,8.152
72,195,3,med,L2,25,8.152
72,175,3,med,L2,25,8.152
72,160,0,med,L2,25,8.152
72,188,3,med,L2,25,8.152
73,185,3,med,L2,25,8.218
73,140,0,med,L2,25,8.218
73,183,3,med,L2,25,8.218
73,184,3,med,L2,25,8.218
73,180,3,med,L2,25,8.218
73,182,3,med,L2,25,8.218
73,160,0,med,L2,25,8.218
73,210,3,med,L2,25,8.218
73,175,3,med,L2,25,8.218
73,200,2,med,L2,25,8.218
73,187,1,med,L2,25,8.218
73,230,3,med,L2,25,8.218
73,190,2,med,L2,25,8.218
73,250,0,med,L2,25,8.218
73,186,3,med,L2,25,8.218
73,188,2,med,L2,25,8.218
73,195,3,med,L2,25,8.218
73,170,2,med,L2,25,8.218
74,190,3,med,L2,25.5,7.64
74,175,3,med,L2,25.5,7.64
74,250,0,med,L2,25.5,7.64
74,200,1,med,L2,25.5,7.64
74,170,0,med,L2,25.5,7.64
74,140,0,med,L2,25.5,7.64
74,187,1,med,L2,25.5,7.64
74,230,3,med,L2,25.5,7.64
74,186,3,med,L2,25.5,7.64
74,210,3,med,L2,25.5,7.64
74,180,3,med,L2,25.5,7.64
74,195,3,med,L2,25.5,7.64
74,160,2,med,L2,25.5,7.64
74,183,3,med,L2,25.5,7.64
74,188,3,med,L2,25.5,7.64
74,182,3,med,L2,25.5,7.64
74,184,3,med,L2,25.5,7.64
74,185,3,med,L2,25.5,7.64
75,190,0,med,L2,25,8.596
75,184,2,med,L2,25,8.596
75,187,3,med,L2,25,8.596
75,183,3,med,L2,25,8.596
75,188,3,med,L2,25,8.596
75,182,3,med,L2,25,8.596
75,186,3,med,L2,25,8.596
75,180,3,med,L2,25,8.596
75,175,3,med,L2,25,8.596
75,170,3,med,L2,25,8.596
75,230,1,med,L2,25,8.596
75,140,0,med,L2,25,8.596
75,200,2,med,L2,25,8.596
75,185,2,med,L2,25,8.596
75,160,0,med,L2,25,8.596
75,195,1,med,L2,25,8.596
75,210,0,med,L2,25,8.596
75,250,0,med,L2,25,8.596
76,160,0,med,L2,25.5,n/a
76,195,1,med,L2,25.5,n/a
76,170,0,med,L2,25.5,n/a
76,180,3,med,L2,25.5,n/a
76,200,3,med,L2,25.5,n/a
76,140,1,med,L2,25.5,n/a
76,183,2,med,L2,25.5,n/a
76,210,3,med,L2,25.5,n/a
76,230,2,med,L2,25.5,n/a
76,190,3,med,L2,25.5,n/a
76,185,3,med,L2,25.5,n/a
76,187,3,med,L2,25.5,n/a
76,186,2,med,L2,25.5,n/a
76,182,3,med,L2,25.5,n/a
76,184,3,med,L2,25.5,n/a
76,188,2,med,L2,25.5,n/a
76,175,1,med,L2,25.5,n/a
76,250,1,med,L2,25.5,n/a
77,183,2,med,L2,25,7.88
77,195,3,med,L2,25,7.88
77,140,0,med,L2,25,7.88
77,175,0,med,L2,25,7.88
77,182,2,med,L2,25,7.88
77,210,3,med,L2,25,7.88
77,184,1,med,L2,25,7.88
77,170,0,med,L2,25,7.88
77,190,3,med,L2,25,7.88
77,185,3,med,L2,25,7.88
77,250,0,med,L2,25,7.88
77,180,0,med,L2,25,7.88
77,186,3,med,L2,25,7.88
77,200,3,med,L2,25,7.88
77,230,0,med,L2,25,7.88
77,187,3,med,L2,25,7.88
77,188,0,med,L2,25,7.88
77,160,0,med,L2,25,7.88
78,195,3,med,L2,25.5,7.862
78,182,3,med,L2,25.5,7.862
78,175,1,med,L2,25.5,7.862
78,160,0,med,L2,25.5,7.862
78,183,3,med,L2,25.5,7.862
78,188,3,med,L2,25.5,7.862
78,170,1,med,L2,25.5,7.862
78,180,3,med,L2,25.5,7.862
78,185,2,med,L2,25.5,7.862
78,190,3,med,L2,25.5,7.862
78,210,3,med,L2,25.5,7.862
78,186,3,med,L2,25.5,7.862
78,230,3,med,L2,25.5,7.862
78,200,3,med,L2,25.5,7.862
78,187,3,med,L2,25.5,7.862
78,250,3,med,L2,25.5,7.862
78,184,3,med,L2,25.5,7.862
78,140,0,med,L2,25.5,7.862
79,210,2,med,L2,25,7.88
79,180,3,med,L2,25,7.88
79,185,0,med,L2,25,7.88
79,230,0,med,L2,25,7.88
79,175,0,med,L2,25,7.88
79,170,0,med,L2,25,7.88
79,183,0,med,L2,25,7.88
79,187,0,med,L2,25,7.88
79,184,0,med,L2,25,7.88
79,140,0,med,L2,25,7.88
79,160,0,med,L2,25,7.88
79,182,1,med,L2,25,7.88
79,250,0,med,L2,25,7.88
79,200,2,med,L2,25,7.88
79,190,2,med,L2,25,7.88
79,188,2,med,L2,25,7.88
79,186,1,med,L2,25,7.88
79,195,2,med,L2,25,7.88
80,230,1,low,W1,25.5,7.162
80,195,3,low,W1,25.5,7.162
80,180,3,low,W1,25.5,7.162
80,190,3,low,W1,25.5,7.162
80,186,3,low,W1,25.5,7.162
80,183,3,low,W1,25.5,7.162
80,175,3,low,W1,25.5,7.162
80,170,3,low,W1,25.5,7.162
80,160,3,low,W1,25.5,7.162
80,182,3,low,W1,25.5,7.162
80,187,3,low,W1,25.5,7.162
80,140,1,low,W1,25.5,7.162
80,210,3,low,W1,25.5,7.162
80,188,3,low,W1,25.5,7.162
80,185,3,low,W1,25.5,7.162
80,200,3,low,W1,25.5,7.162
80,250,3,low,W1,25.5,7.162
80,184,3,low,W1,25.5,7.162
81,170,0,high,D3,25,9.054
81,184,0,high,D3,25,9.054
81,185,0,high,D3,25,9.054
81,188,3,high,D3,25,9.054
81,160,3,high,D3,25,9.054
81,183,1,high,D3,25,9.054
81,182,2,high,D3,25,9.054
81,210,0,high,D3,25,9.054
81,200,0,high,D3,25,9.054
81,250,3,high,D3,25,9.054
81,190,3,high,D3,25,9.054
81,230,0,high,D3,25,9.054
81,195,1,high,D3,25,9.054
81,187,2,high,D3,25,9.054
81,186,2,high,D3,25,9.054
81,175,2,high,D3,25,9.054
81,140,0,high,D3,25,9.054
81,180,3,high,D3,25,9.054
82,140,0,high,D3,24.5,9.638
82,175,1,high,D3,24.5,9.638
82,230,2,high,D3,24.5,9.638
82,190,3,high,D3,24.5,9.638
82,185,0,high,D3,24.5,9.638
82,188,1,high,D3,24.5,9.638
82,210,1,high,D3,24.5,9.638
82,184,3,high,D3,24.5,9.638
82,195,2,high,D3,24.5,9.638
82,186,0,high,D3,24.5,9.638
82,250,3,high,D3,24.5,9.638
82,170,2,high,D3,24.5,9.638
82,200,2,high,D3,24.5,9.638
82,180,3,high,D3,24.5,9.638
82,182,3,high,D3,24.5,9.638
82,183,3,high,D3,24.5,9.638
82,160,0,high,D3,24.5,9.638
82,187,3,high,D3,24.5,9.638
83,187,0,high,D3,24.5,9.35
83,184,3,high,D3,24.5,9.35
83,185,1,high,D3,24.5,9.35
83,250,3,high,D3,24.5,9.35
83,190,3,high,D3,24.5,9.35
83,170,3,high,D3,24.5,9.35
83,140,2,high,D3,24.5,9.35
83,210,3,high,D3,24.5,9.35
83,230,3,high,D3,24.5,9.35
83,186,3,high,D3,24.5,9.35
83,188,0,high,D3,24.5,9.35
83,160,2,high,D3,24.5,9.35
83,195,2,high,D3,24.5,9.35
83,175,3,high,D3,24.5,9.35
83,182,3,high,D3,24.5,9.35
83,183,3,high,D3,24.5,9.35
83,200,1,high,D3,24.5,9.35
83,180,0,high,D3,24.5,9.35
84,140,0,high,A3,25,7.814
84,210,0,high,A3,25,7.814
84,160,0,high,A3,25,7.814
84,180,1,high,A3,25,7.814
84,186,1,high,A3,25,7.814
84,185,1,high,A3,25,7.814
84,183,1,high,A3,25,7.814
84,175,0,high,A3,25,7.814
84,187,1,high,A3,25,7.814
84,250,3,high,A3,25,7.814
84,200,0,high,A3,25,7.814
84,190,1,high,A3,25,7.814
84,188,2,high,A3,25,7.814
84,184,1,high,A3,25,7.814
84,182,2,high,A3,25,7.814
84,195,3,high,A3,25,7.814
84,230,0,high,A3,25,7.814
84,170,2,high,A3,25,7.814
85,187,3,high,A3,24.5,9.912
85,230,3,high,A3,24.5,9.912
85,188,1,high,A3,24.5,9.912
85,190,0,high,A3,24.5,9.912
85,160,3,high,A3,24.5,9.912
85,195,3,high,A3,24.5,9.912
85,250,0,high,A3,24.5,9.912
85,185,2,high,A3,24.5,9.912
85,184,1,high,A3,24.5,9.912
85,183,3,high,A3,24.5,9.912
85,210,3,high,A3,24.5,9.912
85,175,1,high,A3,24.5,9.912
85,140,2,high,A3,24.5,9.912
85,182,3,high,A3,24.5,9.912
85,180,3,high,A3,24.5,9.912
85,186,3,high,A3,24.5,9.912
85,200,1,high,A3,24.5,9.912
85,170,0,high,A3,24.5,9.912
86,200,0,high,A3,25,9.948
86,175,3,high,A3,25,9.948
86,170,1,high,A3,25,9.948
86,185,3,high,A3,25,9.948
86,187,3,high,A3,25,9.948
86,190,3,high,A3,25,9.948
86,140,3,high,A3,25,9.948
86,182,3,high,A3,25,9.948
86,195,3,high,A3,25,9.948
86,183,3,high,A3,25,9.948
86,188,3,high,A3,25,9.948
86,160,3,high,A3,25,9.948
86,250,3,high,A3,25,9.948
86,184,3,high,A3,25,9.948
86,230,3,high,A3,25,9.948
86,186,1,high,A3,25,9.948
86,210,3,high,A3,25,9.948
86,180,3,high,A3,25,9.948
87,184,3,high,A3,24.5,8.976
87,140,3,high,A3,24.5,8.976
87,188,3,high,A3,24.5,8.976
87,210,3,high,A3,24.5,8.976
87,186,2,high,A3,24.5,8.976
87,185,3,high,A3,24.5,8.976
87,170,3,high,A3,24.5,8.976
87,183,3,high,A3,24.5,8.976
87,187,3,high,A3,24.5,8.976
87,180,3,high,A3,24.5,8.976
87,230,3,high,A3,24.5,8.976
87,190,3,high,A3,24.5,8.976
87,200,0,high,A3,24.5,8.976
87,160,3,high,A3,24.5,8.976
87,250,3,high,A3,24.5,8.976
87,182,3,high,A3,24.5,8.976
87,195,3,high,A3,24.5,8.976
87,175,2,high,A3,24.5,8.976
88,180,3,high,A3,24.5,8.936
88,175,1,high,A3,24.5,8.936
88,140,3,high,A3,24.5,8.936
88,200,3,high,A3,24.5,8.936
88,250,0,high,A3,24.5,8.936
88,190,2,high,A3,24.5,8.936
88,185,0,high,A3,24.5,8.936
88,210,2,high,A3,24.5,8.936
88,184,3,high,A3,24.5,8.936
88,160,2,high,A3,24.5,8.936
88,187,0,high,A3,24.5,8.936
88,182,1,high,A3,24.5,8.936
88,195,0,high,A3,24.5,8.936
88,188,2,high,A3,24.5,8.936
88,186,1,high,A3,24.5,8.936
88,183,1,high,A3,24.5,8.936
88,170,2,high,A3,24.5,8.936
88,230,0,high,A3,24.5,8.936
89,182,3,high,A3,25,9.778
89,170,3,high,A3,25,9.778
89,185,3,high,A3,25,9.778
89,186,3,high,A3,25,9.778
89,190,3,high,A3,25,9.778
89,230,2,high,A3,25,9.778
89,210,3,high,A3,25,9.778
89,184,3,high,A3,25,9.778
89,183,3,high,A3,25,9.778
89,180,3,high,A3,25,9.778
89,140,3,high,A3,25,9.778
89,175,2,high,A3,25,9.778
89,160,3,high,A3,25,9.778
89,188,3,high,A3,25,9.778
89,250,3,high,A3,25,9.778
89,200,3,high,A3,25,9.778
89,187,2,high,A3,25,9.778
89,195,2,high,A3,25,9.778
90,160,0,med,F1,25,10.028
90,250,0,med,F1,25,10.028
90,210,0,med,F1,25,10.028
90,175,0,med,F1,25,10.028
90,180,0,med,F1,25,10.028
90,230,0,med,F1,25,10.028
90,200,0,med,F1,25,10.028
90,185,0,med,F1,25,10.028
90,190,0,med,F1,25,10.028
90,188,0,med,F1,25,10.028
90,182,0,med,F1,25,10.028
90,186,0,med,F1,25,10.028
90,187,0,med,F1,25,10.028
90,170,0,med,F1,25,10.028
90,195,0,med,F1,25,10.028
90,183,0,med,F1,25,10.028
90,184,0,med,F1,25,10.028
90,140,0,med,F1,25,10.028
91,188,3,low,W1,25.5,7.942
91,160,1,low,W1,25.5,7.942
91,250,3,low,W1,25.5,7.942
91,195,3,low,W1,25.5,7.942
91,182,3,low,W1,25.5,7.942
91,190,3,low,W1,25.5,7.942
91,183,2,low,W1,25.5,7.942
91,185,3,low,W1,25.5,7.942
91,140,3,low,W1,25.5,7.942
91,187,3,low,W1,25.5,7.942
91,230,3,low,W1,25.5,7.942
91,175,2,low,W1,25.5,7.942
91,180,3,low,W1,25.5,7.942
91,210,1,low,W1,25.5,7.942
91,200,3,low,W1,25.5,7.942
91,184,3,low,W1,25.5,7.942
91,170,3,low,W1,25.5,7.942
91,186,3,low,W1,25.5,7.942
92,188,0,low,W1,25.5,n/a
92,250,0,low,W1,25.5,n/a
92,195,0,low,W1,25.5,n/a
92,170,0,low,W1,25.5,n/a
92,180,0,low,W1,25.5,n/a
92,185,0,low,W1,25.5,n/a
92,183,3,low,W1,25.5,n/a
92,175,3,low,W1,25.5,n/a
92,182,3,low,W1,25.5,n/a
92,140,3,low,W1,25.5,n/a
92,190,1,low,W1,25.5,n/a
92,184,3,low,W1,25.5,n/a
92,210,3,low,W1,25.5,n/a
92,200,0,low,W1,25.5,n/a
92,160,3,low,W1,25.5,n/a
92,230,0,low,W1,25.5,n/a
92,187,1,low,W1,25.5,n/a
92,186,0,low,W1,25.5,n/a
93,190,2,low,W1,25.5,8.154
93,180,2,low,W1,25.5,8.154
93,186,3,low,W1,25.5,8.154
93,175,3,low,W1,25.5,8.154
93,188,2,low,W1,25.5,8.154
93,195,3,low,W1,25.5,8.154
93,170,1,low,W1,25.5,8.154
93,182,1,low,W1,25.5,8.154
93,140,0,low,W1,25.5,8.154
93,200,2,low,W1,25.5,8.154
93,160,2,low,W1,25.5,8.154
93,230,3,low,W1,25.5,8.154
93,183,2,low,W1,25.5,8.154
93,210,3,low,W1,25.5,8.154
93,187,3,low,W1,25.5,8.154
93,185,3,low,W1,25.5,8.154
93,250,1,low,W1,25.5,8.154
93,184,3,low,W1,25.5,8.154
94,186,3,low,W1,25,7.822
94,183,1,low,W1,25,7.822
94,250,3,low,W1,25,7.822
94,184,3,low,W1,25,7.822
94,140,3,low,W1,25,7.822
94,230,2,low,W1,25,7.822
94,182,3,low,W1,25,7.822
94,195,2,low,W1,25,7.822
94,170,3,low,W1,25,7.822
94,175,2,low,W1,25,7.822
94,200,2,low,W1,25,7.822
94,187,3,low,W1,25,7.822
94,190,3,low,W1,25,7.822
94,180,3,low,W1,25,7.822
94,160,2,low,W1,25,7.822
94,185,3,low,W1,25,7.822
94,210,3,low,W1,25,7.822
94,188,3,low,W1,25,7.822
95,187,3,low,W1,24.5,7.642
95,182,3,low,W1,24.5,7.642
95,185,1,low,W1,24.5,7.642
95,175,3,low,W1,24.5,7.642
95,230,3,low,W1,24.5,7.642
95,140,3,low,W1,24.5,7.642
95,190,3,low,W1,24.5,7.642
95,210,3,low,W1,24.5,7.642
95,186,1,low,W1,24.5,7.642
95,200,3,low,W1,24.5,7.642
95,180,3,low,W1,24.5,7.642
95,183,3,low,W1,24.5,7.642
95,250,3,low,W1,24.5,7.642
95,170,3,low,W1,24.5,7.642
95,160,3,low,W1,24.5,7.642
95,188,3,low,W1,24.5,7.642
95,195,3,low,W1,24.5,7.642
95,184,3,low,W1,24.5,7.642
96,170,3,low,W1,24,8.384
96,185,0,low,W1,24,8.384
96,175,3,low,W1,24,8.384
96,250,3,low,W1,24,8.384
96,182,3,low,W1,24,8.384
96,140,3,low,W1,24,8.384
96,183,2,low,W1,24,8.384
96,186,3,low,W1,24,8.384
96,188,3,low,W1,24,8.384
96,195,0,low,W1,24,8.384
96,180,3,low,W1,24,8.384
96,200,3,low,W1,24,8.384
96,184,0,low,W1,24,8.384
96,187,0,low,W1,24,8.384
96,210,0,low,W1,24,8.384
96,230,0,low,W1,24,8.384
96,160,3,low,W1,24,8.384
96,190,0,low,W1,24,8.384
97,160,3,low,R1,25,8.096
97,230,3,low,R1,25,8.096
97,200,3,low,R1,25,8.096
97,184,3,low,R1,25,8.096
97,210,1,low,R1,25,8.096
97,250,3,low,R1,25,8.096
97,188,3,low,R1,25,8.096
97,140,3,low,R1,25,8.096
97,175,2,low,R1,25,8.096
97,182,3,low,R1,25,8.096
97,183,3,low,R1,25,8.096
97,185,0,low,R1,25,8.096
97,170,3,low,R1,25,8.096
97,186,2,low,R1,25,8.096
97,187,3,low,R1,25,8.096
97,180,3,low,R1,25,8.096
97,195,0,low,R1,25,8.096
97,190,2,low,R1,25,8.096
98,140,3,low,R1,24.5,9.926
98,183,3,low,R1,24.5,9.926
98,195,1,low,R1,24.5,9.926
98,190,1,low,R1,24.5,9.926
98,210,0,low,R1,24.5,9.926
98,230,0,low,R1,24.5,9.926
98,185,1,low,R1,24.5,9.926
98,250,0,low,R1,24.5,9.926
98,186,0,low,R1,24.5,9.926
98,180,2,low,R1,24.5,9.926
98,182,1,low,R1,24.5,9.926
98,160,2,low,R1,24.5,9.926
98,184,1,low,R1,24.5,9.926
98,170,2,low,R1,24.5,9.926
98,175,0,low,R1,24.5,9.926
98,188,2,low,R1,24.5,9.926
98,187,1,low,R1,24.5,9.926
98,200,3,low,R1,24.5,9.926
99,188,0,low,R1,25,9.478
99,183,1,low,R1,25,9.478
99,182,0,low,R1,25,9.478
99,160,0,low,R1,25,9.478
99,170,0,low,R1,25,9.478
99,190,0,low,R1,25,9.478
99,185,0,low,R1,25,9.478
99,230,0,low,R1,25,9.478
99,184,0,low,R1,25,9.478
99,250,0,low,R1,25,9.478
99,140,3,low,R1,25,9.478
99,187,3,low,R1,25,9.478
99,180,1,low,R1,25,9.478
99,210,0,low,R1,25,9.478
99,200,0,low,R1,25,9.478
99,195,0,low,R1,25,9.478
99,186,0,low,R1,25,9.478
99,175,0,low,R1,25,9.478
100,175,0,low,R1,24.5,9.624
100,184,1,low,R1,24.5,9.624
100,160,0,low,R1,24.5,9.624
100,210,1,low,R1,24.5,9.624
100,195,1,low,R1,24.5,9.624
100,230,1,low,R1,24.5,9.624
100,183,1,low,R1,24.5,9.624
100,250,3,low,R1,24.5,9.624
100,182,2,low,R1,24.5,9.624
100,186,3,low,R1,24.5,9.624
100,187,2,low,R1,24.5,9.624
100,180,3,low,R1,24.5,9.624
100,185,3,low,R1,24.5,9.624
100,188,3,low,R1,24.5,9.624
100,190,3,low,R1,24.5,9.624
100,170,1,low,R1,24.5,9.624
100,140,0,low,R1,24.5,9.624
100,200,3,low,R1,24.5,9.624
101,190,0,low,R1,24.5,8.71
101,187,0,low,R1,24.5,8.71
101,188,2,low,R1,24.5,8.71
101,185,3,low,R1,24.5,8.71
101,200,2,low,R1,24.5,8.71
101,184,0,low,R1,24.5,8.71
101,180,2,low,R1,24.5,8.71
101,160,0,low,R1,24.5,8.71
101,140,3,low,R1,24.5,8.71
101,250,3,low,R1,24.5,8.71
101,175,2,low,R1,24.5,8.71
101,182,3,low,R1,24.5,8.71
101,210,3,low,R1,24.5,8.71
101,230,1,low,R1,24.5,8.71
101,183,2,low,R1,24.5,8.71
101,170,1,low,R1,24.5,8.71
101,195,2,low,R1,24.5,8.71
101,186,3,low,R1,24.5,8.71
102,200,0,low,R1,25.5,10.584
102,183,0,low,R1,25.5,10.584
102,184,0,low,R1,25.5,10.584
102,188,3,low,R1,25.5,10.584
102,190,0,low,R1,25.5,10.584
102,185,0,low,R1,25.5,10.584
102,210,0,low,R1,25.5,10.584
102,140,0,low,R1,25.5,10.584
102,160,0,low,R1,25.5,10.584
102,187,1,low,R1,25.5,10.584
102,250,3,low,R1,25.5,10.584
102,230,1,low,R1,25.5,10.584
102,195,1,low,R1,25.5,10.584
102,186,0,low,R1,25.5,10.584
102,182,0,low,R1,25.5,10.584
102,170,1,low,R1,25.5,10.584
102,175,0,low,R1,25.5,10.584
102,180,0,low,R1,25.5,10.584
103,200,2,high,E1,25,8.704
103,186,3,high,E1,25,8.704
103,188,3,high,E1,25,8.704
103,195,3,high,E1,25,8.704
103,183,3,high,E1,25,8.704
103,185,1,high,E1,25,8.704
103,250,2,high,E1,25,8.704
103,160,0,high,E1,25,8.704
103,182,3,high,E1,25,8.704
103,170,3,high,E1,25,8.704
103,187,3,high,E1,25,8.704
103,184,3,high,E1,25,8.704
103,210,3,high,E1,25,8.704
103,175,3,high,E1,25,8.704
103,180,3,high,E1,25,8.704
103,140,3,high,E1,25,8.704
103,230,1,high,E1,25,8.704
103,190,3,high,E1,25,8.704
104,195,3,high,E1,24.5,8.64
104,200,3,high,E1,24.5,8.64
104,183,3,high,E1,24.5,8.64
104,190,3,high,E1,24.5,8.64
104,210,3,high,E1,24.5,8.64
104,182,3,high,E1,24.5,8.64
104,170,3,high,E1,24.5,8.64
104,185,1,high,E1,24.5,8.64
104,140,3,high,E1,24.5,8.64
104,184,3,high,E1,24.5,8.64
104,250,3,high,E1,24.5,8.64
104,187,3,high,E1,24.5,8.64
104,188,3,high,E1,24.5,8.64
104,230,3,high,E1,24.5,8.64
104,186,3,high,E1,24.5,8.64
104,180,3,high,E1,24.5,8.64
104,175,0,high,E1,24.5,8.64
104,160,3,high,E1,24.5,8.64
105,187,2,high,E1,25,8.886
105,186,3,high,E1,25,8.886
105,160,0,high,E1,25,8.886
105,175,3,high,E1,25,8.886
105,184,2,high,E1,25,8.886
105,185,1,high,E1,25,8.886
105,200,3,high,E1,25,8.886
105,230,3,high,E1,25,8.886
105,183,3,high,E1,25,8.886
105,188,3,high,E1,25,8.886
105,180,3,high,E1,25,8.886
105,250,3,high,E1,25,8.886
105,210,3,high,E1,25,8.886
105,182,3,high,E1,25,8.886
105,195,3,high,E1,25,8.886
105,140,3,high,E1,25,8.886
105,190,0,high,E1,25,8.886
105,170,3,high,E1,25,8.886
106,170,3,high,E1,25,9.06
106,186,3,high,E1,25,9.06
106,160,0,high,E1,25,9.06
106,187,3,high,E1,25,9.06
106,190,3,high,E1,25,9.06
106,195,1,high,E1,25,9.06
106,183,3,high,E1,25,9.06
106,230,0,high,E1,25,9.06
106,180,3,high,E1,25,9.06
106,188,3,high,E1,25,9.06
106,184,2,high,E1,25,9.06
106,182,1,high,E1,25,9.06
106,185,3,high,E1,25,9.06
106,250,3,high,E1,25,9.06
106,140,3,high,E1,25,9.06
106,210,3,high,E1,25,9.06
106,200,0,high,E1,25,9.06
106,175,3,high,E1,25,9.06
107,230,2,high,E1,24.5,8.318
107,186,3,high,E1,24.5,8.318
107,175,1,high,E1,24.5,8.318
107,250,3,high,E1,24.5,8.318
107,180,3,high,E1,24.5,8.318
107,195,3,high,E1,24.5,8.318
107,183,1,high,E1,24.5,8.318
107,140,3,high,E1,24.5,8.318
107,210,2,high,E1,24.5,8.318
107,200,3,high,E1,24.5,8.318
107,182,3,high,E1,24.5,8.318
107,190,3,high,E1,24.5,8.318
107,188,3,high,E1,24.5,8.318
107,187,3,high,E1,24.5,8.318
107,184,3,high,E1,24.5,8.318
107,170,2,high,E1,24.5,8.318
107,160,0,high,E1,24.5,8.318
107,185,3,high,E1,24.5,8.318
108,200,3,high,E1,24,8.34
108,195,3,high,E1,24,8.34
108,180,0,high,E1,24,8.34
108,140,3,high,E1,24,8.34
108,230,3,high,E1,24,8.34
108,182,3,high,E1,24,8.34
108,186,3,high,E1,24,8.34
108,183,2,high,E1,24,8.34
108,160,3,high,E1,24,8.34
108,250,3,high,E1,24,8.34
108,210,3,high,E1,24,8.34
108,187,2,high,E1,24,8.34
108,175,2,high,E1,24,8.34
108,170,3,high,E1,24,8.34
108,184,2,high,E1,24,8.34
108,190,2,high,E1,24,8.34
108,185,0,high,E1,24,8.34
108,188,3,high,E1,24,8.34
109,250,3,high,E1,23.5,7.69
109,140,3,high,E1,23.5,7.69
109,175,3,high,E1,23.5,7.69
109,187,3,high,E1,23.5,7.69
109,184,3,high,E1,23.5,7.69
109,170,3,high,E1,23.5,7.69
109,210,3,high,E1,23.5,7.69
109,180,3,high,E1,23.5,7.69
109,188,3,high,E1,23.5,7.69
109,190,3,high,E1,23.5,7.69
109,183,3,high,E1,23.5,7.69
109,160,3,high,E1,23.5,7.69
109,186,2,high,E1,23.5,7.69
109,182,3,high,E1,23.5,7.69
109,230,3,high,E1,23.5,7.69
109,200,1,high,E1,23.5,7.69
109,195,1,high,E1,23.5,7.69
109,185,3,high,E1,23.5,7.69
110,200,2,high,E1,24,8.598
110,184,3,high,E1,24,8.598
110,160,3,high,E1,24,8.598
110,185,3,high,E1,24,8.598
110,188,3,high,E1,24,8.598
110,250,3,high,E1,24,8.598
110,210,3,high,E1,24,8.598
110,182,2,high,E1,24,8.598
110,175,2,high,E1,24,8.598
110,183,3,high,E1,24,8.598
110,186,3,high,E1,24,8.598
110,170,3,high,E1,24,8.598
110,230,3,high,E1,24,8.598
110,140,3,high,E1,24,8.598
110,180,3,high,E1,24,8.598
110,187,3,high,E1,24,8.598
110,195,1,high,E1,24,8.598
110,190,3,high,E1,24,8.598
111,188,1,high,E1,23.5,8.538
111,250,2,high,E1,23.5,8.538
111,185,0,high,E1,23.5,8.538
111,170,2,high,E1,23.5,8.538
111,200,3,high,E1,23.5,8.538
111,184,2,high,E1,23.5,8.538
111,160,3,high,E1,23.5,8.538
111,140,3,high,E1,23.5,8.538
111,182,3,high,E1,23.5,8.538
111,175,3,high,E1,23.5,8.538
111,230,3,high,E1,23.5,8.538
111,190,3,high,E1,23.5,8.538
111,187,3,high,E1,23.5,8.538
111,183,3,high,E1,23.5,8.538
111,180,3,high,E1,23.5,8.538
111,195,2,high,E1,23.5,8.538
111,186,2,high,E1,23.5,8.538
111,210,3,high,E1,23.5,8.538
112,195,3,high,E1,23.5,8.57
112,200,3,high,E1,23.5,8.57
112,250,3,high,E1,23.5,8.57
112,184,3,high,E1,23.5,8.57
112,175,3,high,E1,23.5,8.57
112,210,3,high,E1,23.5,8.57
112,180,3,high,E1,23.5,8.57
112,190,3,high,E1,23.5,8.57
112,160,3,high,E1,23.5,8.57
112,188,3,high,E1,23.5,8.57
112,186,3,high,E1,23.5,8.57
112,170,3,high,E1,23.5,8.57
112,187,2,high,E1,23.5,8.57
112,182,3,high,E1,23.5,8.57
112,183,3,high,E1,23.5,8.57
112,185,2,high,E1,23.5,8.57
112,230,1,high,E1,23.5,8.57
112,140,3,high,E1,23.5,8.57
113,140,2,high,E1,23.5,9.158
113,183,3,high,E1,23.5,9.158
113,190,3,high,E1,23.5,9.158
113,230,2,high,E1,23.5,9.158
113,184,3,high,E1,23.5,9.158
113,210,3,high,E1,23.5,9.158
113,170,3,high,E1,23.5,9.158
113,188,3,high,E1,23.5,9.158
113,186,3,high,E1,23.5,9.158
113,182,3,high,E1,23.5,9.158
113,175,3,high,E1,23.5,9.158
113,250,3,high,E1,23.5,9.158
113,180,3,high,E1,23.5,9.158
113,160,3,high,E1,23.5,9.158
113,185,3,high,E1,23.5,9.158
113,195,3,high,E1,23.5,9.158
113,200,1,high,E1,23.5,9.158
113,187,3,high,E1,23.5,9.158
114,187,3,high,E1,23.5,8.81
114,250,3,high,E1,23.5,8.81
114,185,3,high,E1,23.5,8.81
114,230,3,high,E1,23.5,8.81
114,186,3,high,E1,23.5,8.81
114,180,3,high,E1,23.5,8.81
114,190,3,high,E1,23.5,8.81
114,184,2,high,E1,23.5,8.81
114,160,3,high,E1,23.5,8.81
114,188,3,high,E1,23.5,8.81
114,170,3,high,E1,23.5,8.81
114,183,3,high,E1,23.5,8.81
114,140,3,high,E1,23.5,8.81
114,182,3,high,E1,23.5,8.81
114,200,3,high,E1,23.5,8.81
114,175,3,high,E1,23.5,8.81
114,210,0,high,E1,23.5,8.81
114,195,3,high,E1,23.5,8.81
115,182,1,low,Q2,24.5,9.134
115,140,0,low,Q2,24.5,9.134
115,195,0,low,Q2,24.5,9.134
115,230,2,low,Q2,24.5,9.134
115,180,2,low,Q2,24.5,9.134
115,160,2,low,Q2,24.5,9.134
115,190,0,low,Q2,24.5,9.134
115,200,0,low,Q2,24.5,9.134
115,210,3,low,Q2,24.5,9.134
115,184,0,low,Q2,24.5,9.134
115,170,3,low,Q2,24.5,9.134
115,250,0,low,Q2,24.5,9.134
115,183,2,low,Q2,24.5,9.134
115,188,3,low,Q2,24.5,9.134
115,187,2,low,Q2,24.5,9.134
115,185,0,low,Q2,24.5,9.134
115,186,0,low,Q2,24.5,9.134
115,175,3,low,Q2,24.5,9.134
116,182,1,low,Q2,24.5,9.134
116,188,1,low,Q2,24.5,9.134
116,186,0,low,Q2,24.5,9.134
116,175,2,low,Q2,24.5,9.134
116,183,0,low,Q2,24.5,9.134
116,180,2,low,Q2,24.5,9.134
116,140,3,low,Q2,24.5,9.134
116,250,0,low,Q2,24.5,9.134
116,185,0,low,Q2,24.5,9.134
116,195,3,low,Q2,24.5,9.134
116,190,3,low,Q2,24.5,9.134
116,187,3,low,Q2,24.5,9.134
116,230,3,low,Q2,24.5,9.134
116,170,3,low,Q2,24.5,9.134
116,210,3,low,Q2,24.5,9.134
116,160,3,low,Q2,24.5,9.134
116,184,0,low,Q2,24.5,9.134
116,200,3,low,Q2,24.5,9.134
117,170,0,low,Q2,24,n/a
117,230,1,low,Q2,24,n/a
117,200,0,low,Q2,24,n/a
117,175,3,low,Q2,24,n/a
117,182,3,low,Q2,24,n/a
117,187,3,low,Q2,24,n/a
117,185,3,low,Q2,24,n/a
117,250,0,low,Q2,24,n/a
117,180,2,low,Q2,24,n/a
117,140,3,low,Q2,24,n/a
117,160,2,low,Q2,24,n/a
117,183,0,low,Q2,24,n/a
117,186,2,low,Q2,24,n/a
117,188,1,low,Q2,24,n/a
117,195,0,low,Q2,24,n/a
117,210,0,low,Q2,24,n/a
117,184,0,low,Q2,24,n/a
117,190,2,low,Q2,24,n/a
118,185,2,low,Q2,23.5,9.768
118,195,3,low,Q2,23.5,9.768
118,175,1,low,Q2,23.5,9.768
118,200,3,low,Q2,23.5,9.768
118,160,3,low,Q2,23.5,9.768
118,170,3,low,Q2,23.5,9.768
118,188,3,low,Q2,23.5,9.768
118,184,1,low,Q2,23.5,9.768
118,182,3,low,Q2,23.5,9.768
118,187,3,low,Q2,23.5,9.768
118,210,3,low,Q2,23.5,9.768
118,180,3,low,Q2,23.5,9.768
118,190,3,low,Q2,23.5,9.768
118,140,3,low,Q2,23.5,9.768
118,230,3,low,Q2,23.5,9.768
118,186,2,low,Q2,23.5,9.768
118,183,0,low,Q2,23.5,9.768
118,250,3,low,Q2,23.5,9.768
119,188,1,low,Q2,24,8.818
119,180,3,low,Q2,24,8.818
119,187,0,low,Q2,24,8.818
119,200,3,low,Q2,24,8.818
119,175,3,low,Q2,24,8.818
119,140,1,low,Q2,24,8.818
119,185,3,low,Q2,24,8.818
119,195,2,low,Q2,24,8.818
119,230,0,low,Q2,24,8.818
119,160,3,low,Q2,24,8.818
119,190,1,low,Q2,24,8.818
119,186,1,low,Q2,24,8.818
119,184,3,low,Q2,24,8.818
119,210,3,low,Q2,24,8.818
119,250,3,low,Q2,24,8.818
119,170,1,low,Q2,24,8.818
119,182,0,low,Q2,24,8.818
119,183,3,low,Q2,24,8.818
120,185,3,low,Q2,24.5,8.924
120,182,3,low,Q2,24.5,8.924
120,250,0,low,Q2,24.5,8.924
120,140,2,low,Q2,24.5,8.924
120,200,0,low,Q2,24.5,8.924
120,187,1,low,Q2,24.5,8.924
120,175,3,low,Q2,24.5,8.924
120,230,0,low,Q2,24.5,8.924
120,180,1,low,Q2,24.5,8.924
120,186,3,low,Q2,24.5,8.924
120,170,3,low,Q2,24.5,8.924
120,188,3,low,Q2,24.5,8.924
120,195,3,low,Q2,24.5,8.924
120,190,3,low,Q2,24.5,8.924
120,183,3,low,Q2,24.5,8.924
120,210,3,low,Q2,24.5,8.924
120,160,0,low,Q2,24.5,8.924
120,184,3,low,Q2,24.5,8.924
121,195,1,low,Q2,24,8.656
121,170,0,low,Q2,24,8.656
121,180,0,low,Q2,24,8.656
121,190,3,low,Q2,24,8.656
121,230,1,low,Q2,24,8.656
121,140,0,low,Q2,24,8.656
121,183,0,low,Q2,24,8.656
121,182,1,low,Q2,24,8.656
121,184,2,low,Q2,24,8.656
121,160,0,low,Q2,24,8.656
121,188,3,low,Q2,24,8.656
121,175,0,low,Q2,24,8.656
121,250,3,low,Q2,24,8.656
121,210,1,low,Q2,24,8.656
121,187,1,low,Q2,24,8.656
121,186,0,low,Q2,24,8.656
121,200,0,low,Q2,24,8.656
121,185,0,low,Q2,24,8.656
122,183,3,high,A2,24.5,8.49
122,184,3,high,A2,24.5,8.49
122,200,0,high,A2,24.5,8.49
122,160,3,high,A2,24.5,8.49
122,250,3,high,A2,24.5,8.49
122,185,3,high,A2,24.5,8.49
122,175,3,high,A2,24.5,8.49
122,140,3,high,A2,24.5,8.49
122,230,2,high,A2,24.5,8.49
122,188,3,high,A2,24.5,8.49
122,195,3,high,A2,24.5,8.49
122,186,3,high,A2,24.5,8.49
122,182,3,high,A2,24.5,8.49
122,180,3,high,A2,24.5,8.49
122,210,3,high,A2,24.5,8.49
122,190,2,high,A2,24.5,8.49
122,170,1,high,A2,24.5,8.49
122,187,3,high,A2,24.5,8.49
123,210,3,med,L1,24,8.038
123,170,3,med,L1,24,8.038
123,160,2,med,L1,24,8.038
123,183,3,med,L1,24,8.038
123,190,3,med,L1,24,8.038
123,187,3,med,L1,24,8.038
123,230,3,med,L1,24,8.038
123,175,1,med,L1,24,8.038
123,140,3,med,L1,24,8.038
123,250,3,med,L1,24,8.038
123,186,3,med,L1,24,8.038
123,180,3,med,L1,24,8.038
123,182,3,med,L1,24,8.038
123,195,3,med,L1,24,8.038
123,185,3,med,L1,24,8.038
123,184,2,med,L1,24,8.038
123,200,0,med,L1,24,8.038
123,188,2,med,L1,24,8.038
124,170,2,med,L1,23.5,7.742
124,230,3,med,L1,23.5,7.742
124,140,3,med,L1,23.5,7.742
124,186,3,med,L1,23.5,7.742
124,180,3,med,L1,23.5,7.742
124,250,3,med,L1,23.5,7.742
124,185,3,med,L1,23.5,7.742
124,183,2,med,L1,23.5,7.742
124,188,3,med,L1,23.5,7.742
124,195,3,med,L1,23.5,7.742
124,182,3,med,L1,23.5,7.742
124,200,3,med,L1,23.5,7.742
124,187,3,med,L1,23.5,7.742
124,190,3,med,L1,23.5,7.742
124,160,3,med,L1,23.5,7.742
124,175,3,med,L1,23.5,7.742
124,184,1,med,L1,23.5,7.742
124,210,3,med,L1,23.5,7.742
125,186,0,med,L1,24,7.854
125,140,3,med,L1,24,7.854
125,230,0,med,L1,24,7.854
125,183,0,med,L1,24,7.854
125,190,3,med,L1,24,7.854
125,184,0,med,L1,24,7.854
125,180,0,med,L1,24,7.854
125,185,0,med,L1,24,7.854
125,195,1,med,L1,24,7.854
125,187,3,med,L1,24,7.854
125,200,3,med,L1,24,7.854
125,170,3,med,L1,24,7.854
125,250,0,med,L1,24,7.854
125,160,3,med,L1,24,7.854
125,210,3,med,L1,24,7.854
125,188,1,med,L1,24,7.854
125,175,0,med,L1,24,7.854
125,182,1,med,L1,24,7.854
126,187,3,med,L1,24,7.818
126,186,3,med,L1,24,7.818
126,210,2,med,L1,24,7.818
126,184,3,med,L1,24,7.818
126,190,3,med,L1,24,7.818
126,160,3,med,L1,24,7.818
126,188,3,med,L1,24,7.818
126,180,1,med,L1,24,7.818
126,200,3,med,L1,24,7.818
126,250,3,med,L1,24,7.818
126,185,3,med,L1,24,7.818
126,195,3,med,L1,24,7.818
126,170,3,med,L1,24,7.818
126,183,3,med,L1,24,7.818
126,140,3,med,L1,24,7.818
126,175,3,med,L1,24,7.818
126,230,0,med,L1,24,7.818
126,182,3,med,L1,24,7.818
127,190,3,low,AD2,24.5,8.724
127,140,3,low,AD2,24.5,8.724
127,185,1,low,AD2,24.5,8.724
127,187,1,low,AD2,24.5,8.724
127,175,3,low,AD2,24.5,8.724
127,188,1,low,AD2,24.5,8.724
127,250,3,low,AD2,24.5,8.724
127,170,0,low,AD2,24.5,8.724
127,210,3,low,AD2,24.5,8.724
127,182,3,low,AD2,24.5,8.724
127,230,3,low,AD2,24.5,8.724
127,180,3,low,AD2,24.5,8.724
127,200,3,low,AD2,24.5,8.724
127,184,3,low,AD2,24.5,8.724
127,186,3,low,AD2,24.5,8.724
127,160,3,low,AD2,24.5,8.724
127,183,0,low,AD2,24.5,8.724
127,195,3,low,AD2,24.5,8.724
128,160,3,low,AD2,24,9.176
128,250,2,low,AD2,24,9.176
128,187,0,low,AD2,24,9.176
128,182,2,low,AD2,24,9.176
128,140,3,low,AD2,24,9.176
128,186,2,low,AD2,24,9.176
128,170,3,low,AD2,24,9.176
128,190,0,low,AD2,24,9.176
128,180,3,low,AD2,24,9.176
128,184,3,low,AD2,24,9.176
128,230,3,low,AD2,24,9.176
128,188,3,low,AD2,24,9.176
128,185,3,low,AD2,24,9.176
128,175,3,low,AD2,24,9.176
128,195,3,low,AD2,24,9.176
128,210,3,low,AD2,24,9.176
128,200,2,low,AD2,24,9.176
128,183,3,low,AD2,24,9.176
129,183,0,high,A4,24.5,8.514
129,186,0,high,A4,24.5,8.514
129,180,0,high,A4,24.5,8.514
129,188,1,high,A4,24.5,8.514
129,175,0,high,A4,24.5,8.514
129,190,0,high,A4,24.5,8.514
129,187,0,high,A4,24.5,8.514
129,184,1,high,A4,24.5,8.514
129,250,0,high,A4,24.5,8.514
129,195,0,high,A4,24.5,8.514
129,140,0,high,A4,24.5,8.514
129,230,0,high,A4,24.5,8.514
129,185,0,high,A4,24.5,8.514
129,182,0,high,A4,24.5,8.514
129,160,0,high,A4,24.5,8.514
129,170,0,high,A4,24.5,8.514
129,200,0,high,A4,24.5,8.514
129,210,0,high,A4,24.5,8.514
130,180,2,med,L1,25,7.902
130,230,3,med,L1,25,7.902
130,195,1,med,L1,25,7.902
130,140,1,med,L1,25,7.902
130,184,2,med,L1,25,7.902
130,160,0,med,L1,25,7.902
130,185,3,med,L1,25,7.902
130,188,0,med,L1,25,7.902
130,187,3,med,L1,25,7.902
130,190,3,med,L1,25,7.902
130,183,3,med,L1,25,7.902
130,175,3,med,L1,25,7.902
130,250,3,med,L1,25,7.902
130,210,3,med,L1,25,7.902
130,200,3,med,L1,25,7.902
130,170,0,med,L1,25,7.902
130,186,0,med,L1,25,7.902
130,182,2,med,L1,25,7.902
131,170,3,med,L1,24,7.14
131,186,3,med,L1,24,7.14
131,210,2,med,L1,24,7.14
131,183,3,med,L1,24,7.14
131,200,2,med,L1,24,7.14
131,185,3,med,L1,24,7.14
131,230,3,med,L1,24,7.14
131,184,0,med,L1,24,7.14
131,187,3,med,L1,24,7.14
131,160,3,med,L1,24,7.14
131,140,3,med,L1,24,7.14
131,175,2,med,L1,24,7.14
131,250,3,med,L1,24,7.14
131,182,3,med,L1,24,7.14
131,190,3,med,L1,24,7.14
131,188,3,med,L1,24,7.14
131,195,1,med,L1,24,7.14
131,180,3,med,L1,24,7.14
132,185,3,med,L1,25,8.316
132,200,3,med,L1,25,8.316
132,186,0,med,L1,25,8.316
132,190,0,med,L1,25,8.316
132,182,2,med,L1,25,8.316
132,183,1,med,L1,25,8.316
132,250,3,med,L1,25,8.316
132,180,0,med,L1,25,8.316
132,140,1,med,L1,25,8.316
132,210,2,med,L1,25,8.316
132,188,1,med,L1,25,8.316
132,184,1,med,L1,25,8.316
132,160,3,med,L1,25,8.316
132,170,2,med,L1,25,8.316
132,195,1,med,L1,25,8.316
132,230,0,med,L1,25,8.316
132,175,0,med,L1,25,8.316
132,187,0,med,L1,25,8.316
133,170,3,med,L1,24.5,6.404
133,188,3,med,L1,24.5,6.404
133,230,0,med,L1,24.5,6.404
133,182,3,med,L1,24.5,6.404
133,183,3,med,L1,24.5,6.404
133,184,0,med,L1,24.5,6.404
133,185,3,med,L1,24.5,6.404
133,195,0,med,L1,24.5,6.404
133,180,3,med,L1,24.5,6.404
133,190,3,med,L1,24.5,6.404
133,175,3,med,L1,24.5,6.404
133,160,3,med,L1,24.5,6.404
133,200,3,med,L1,24.5,6.404
133,250,3,med,L1,24.5,6.404
133,210,3,med,L1,24.5,6.404
133,187,1,med,L1,24.5,6.404
133,140,0,med,L1,24.5,6.404
133,186,2,med,L1,24.5,6.404
134,170,3,med,L1,25,7
134,187,3,med,L1,25,7
134,190,0,med,L1,25,7
134,140,3,med,L1,25,7
134,185,3,med,L1,25,7
134,186,2,med,L1,25,7
134,210,3,med,L1,25,7
134,250,0,med,L1,25,7
134,180,3,med,L1,25,7
134,160,3,med,L1,25,7
134,188,3,med,L1,25,7
134,230,3,med,L1,25,7
134,195,3,med,L1,25,7
134,184,3,med,L1,25,7
134,182,3,med,L1,25,7
134,200,2,med,L1,25,7
134,175,1,med,L1,25,7
134,183,2,med,L1,25,7
135,190,3,med,L1,24.5,8.044
135,180,3,med,L1,24.5,8.044
135,200,3,med,L1,24.5,8.044
135,185,3,med,L1,24.5,8.044
135,250,3,med,L1,24.5,8.044
135,182,3,med,L1,24.5,8.044
135,187,3,med,L1,24.5,8.044
135,184,0,med,L1,24.5,8.044
135,170,3,med,L1,24.5,8.044
135,195,3,med,L1,24.5,8.044
135,183,3,med,L1,24.5,8.044
135,140,3,med,L1,24.5,8.044
135,230,3,med,L1,24.5,8.044
135,160,3,med,L1,24.5,8.044
135,188,3,med,L1,24.5,8.044
135,175,3,med,L1,24.5,8.044
135,210,1,med,L1,24.5,8.044
135,186,3,med,L1,24.5,8.044
136,190,3,med,L1,24.5,7.698
136,183,3,med,L1,24.5,7.698
136,140,1,med,L1,24.5,7.698
136,230,3,med,L1,24.5,7.698
136,188,3,med,L1,24.5,7.698
136,184,3,med,L1,24.5,7.698
136,195,3,med,L1,24.5,7.698
136,250,0,med,L1,24.5,7.698
136,175,3,med,L1,24.5,7.698
136,185,3,med,L1,24.5,7.698
136,160,3,med,L1,24.5,7.698
136,200,3,med,L1,24.5,7.698
136,210,3,med,L1,24.5,7.698
136,186,3,med,L1,24.5,7.698
136,182,3,med,L1,24.5,7.698
136,180,2,med,L1,24.5,7.698
136,170,0,med,L1,24.5,7.698
136,187,3,med,L1,24.5,7.698
137,182,3,med,L1,25,7.924
137,195,3,med,L1,25,7.924
137,210,1,med,L1,25,7.924
137,250,3,med,L1,25,7.924
137,188,3,med,L1,25,7.924
137,160,3,med,L1,25,7.924
137,185,3,med,L1,25,7.924
137,184,1,med,L1,25,7.924
137,187,3,med,L1,25,7.924
137,140,3,med,L1,25,7.924
137,190,3,med,L1,25,7.924
137,186,3,med,L1,25,7.924
137,230,3,med,L1,25,7.924
137,200,3,med,L1,25,7.924
137,183,3,med,L1,25,7.924
137,180,3,med,L1,25,7.924
137,170,1,med,L1,25,7.924
137,175,2,med,L1,25,7.924
138,188,0,high,D2,24.5,8.232
138,180,2,high,D2,24.5,8.232
138,186,0,high,D2,24.5,8.232
138,250,0,high,D2,24.5,8.232
138,185,1,high,D2,24.5,8.232
138,183,0,high,D2,24.5,8.232
138,170,0,high,D2,24.5,8.232
138,175,0,high,D2,24.5,8.232
138,190,0,high,D2,24.5,8.232
138,200,0,high,D2,24.5,8.232
138,160,0,high,D2,24.5,8.232
138,182,0,high,D2,24.5,8.232
138,140,0,high,D2,24.5,8.232
138,184,0,high,D2,24.5,8.232
138,210,0,high,D2,24.5,8.232
138,230,0,high,D2,24.5,8.232
138,187,0,high,D2,24.5,8.232
138,195,0,high,D2,24.5,8.232
139,185,3,high,D2,24,8.336
139,170,1,high,D2,24,8.336
139,175,0,high,D2,24,8.336
139,186,0,high,D2,24,8.336
139,160,0,high,D2,24,8.336
139,180,0,high,D2,24,8.336
139,182,0,high,D2,24,8.336
139,190,0,high,D2,24,8.336
139,184,1,high,D2,24,8.336
139,230,2,high,D2,24,8.336
139,200,2,high,D2,24,8.336
139,183,0,high,D2,24,8.336
139,187,3,high,D2,24,8.336
139,210,3,high,D2,24,8.336
139,250,0,high,D2,24,8.336
139,188,1,high,D2,24,8.336
139,195,0,high,D2,24,8.336
139,140,1,high,D2,24,8.336
140,195,3,low,Q3,24.5,9.158
140,160,2,low,Q3,24.5,9.158
140,175,0,low,Q3,24.5,9.158
140,140,2,low,Q3,24.5,9.158
140,185,3,low,Q3,24.5,9.158
140,188,2,low,Q3,24.5,9.158
140,190,3,low,Q3,24.5,9.158
140,187,0,low,Q3,24.5,9.158
140,184,3,low,Q3,24.5,9.158
140,180,2,low,Q3,24.5,9.158
140,250,3,low,Q3,24.5,9.158
140,186,2,low,Q3,24.5,9.158
140,230,2,low,Q3,24.5,9.158
140,183,3,low,Q3,24.5,9.158
140,200,3,low,Q3,24.5,9.158
140,210,2,low,Q3,24.5,9.158
140,170,1,low,Q3,24.5,9.158
140,182,2,low,Q3,24.5,9.158
141,200,2,low,Q3,24.5,10.156
141,250,2,low,Q3,24.5,10.156
141,180,0,low,Q3,24.5,10.156
141,186,3,low,Q3,24.5,10.156
141,187,3,low,Q3,24.5,10.156
141,210,3,low,Q3,24.5,10.156
141,188,3,low,Q3,24.5,10.156
141,184,1,low,Q3,24.5,10.156
141,230,2,low,Q3,24.5,10.156
141,190,2,low,Q3,24.5,10.156
141,140,3,low,Q3,24.5,10.156
141,170,3,low,Q3,24.5,10.156
141,175,3,low,Q3,24.5,10.156
141,160,3,low,Q3,24.5,10.156
141,183,3,low,Q3,24.5,10.156
141,185,3,low,Q3,24.5,10.156
141,195,0,low,Q3,24.5,10.156
141,182,3,low,Q3,24.5,10.156
142,180,3,low,Q3,24,8.044
142,190,3,low,Q3,24,8.044
142,188,1,low,Q3,24,8.044
142,184,3,low,Q3,24,8.044
142,185,2,low,Q3,24,8.044
142,182,3,low,Q3,24,8.044
142,187,3,low,Q3,24,8.044
142,175,3,low,Q3,24,8.044
142,160,3,low,Q3,24,8.044
142,250,3,low,Q3,24,8.044
142,170,3,low,Q3,24,8.044
142,210,3,low,Q3,24,8.044
142,183,3,low,Q3,24,8.044
142,230,3,low,Q3,24,8.044
142,140,3,low,Q3,24,8.044
142,200,0,low,Q3,24,8.044
142,186,0,low,Q3,24,8.044
142,195,2,low,Q3,24,8.044
143,200,2,low,Q3,24.5,8.726
143,190,3,low,Q3,24.5,8.726
143,186,0,low,Q3,24.5,8.726
143,184,3,low,Q3,24.5,8.726
143,195,3,low,Q3,24.5,8.726
143,170,3,low,Q3,24.5,8.726
143,183,3,low,Q3,24.5,8.726
143,160,0,low,Q3,24.5,8.726
143,182,3,low,Q3,24.5,8.726
143,210,2,low,Q3,24.5,8.726
143,185,3,low,Q3,24.5,8.726
143,230,2,low,Q3,24.5,8.726
143,187,3,low,Q3,24.5,8.726
143,180,3,low,Q3,24.5,8.726
143,250,3,low,Q3,24.5,8.726
143,140,3,low,Q3,24.5,8.726
143,175,1,low,Q3,24.5,8.726
143,188,3,low,Q3,24.5,8.726
144,182,3,low,Q3,25,8.82
144,186,3,low,Q3,25,8.82
144,188,0,low,Q3,25,8.82
144,230,2,low,Q3,25,8.82
144,140,3,low,Q3,25,8.82
144,195,2,low,Q3,25,8.82
144,183,2,low,Q3,25,8.82
144,187,2,low,Q3,25,8.82
144,184,3,low,Q3,25,8.82
144,210,3,low,Q3,25,8.82
144,175,3,low,Q3,25,8.82
144,185,3,low,Q3,25,8.82
144,160,3,low,Q3,25,8.82
144,170,3,low,Q3,25,8.82
144,250,3,low,Q3,25,8.82
144,190,2,low,Q3,25,8.82
144,200,0,low,Q3,25,8.82
144,180,3,low,Q3,25,8.82
145,200,3,low,Q3,25,9.19
145,210,2,low,Q3,25,9.19
145,187,1,low,Q3,25,9.19
145,195,3,low,Q3,25,9.19
145,170,3,low,Q3,25,9.19
145,188,1,low,Q3,25,9.19
145,160,1,low,Q3,25,9.19
145,182,1,low,Q3,25,9.19
145,186,3,low,Q3,25,9.19
145,185,3,low,Q3,25,9.19
145,175,1,low,Q3,25,9.19
145,140,3,low,Q3,25,9.19
145,184,3,low,Q3,25,9.19
145,250,3,low,Q3,25,9.19
145,180,3,low,Q3,25,9.19
145,190,1,low,Q3,25,9.19
145,183,0,low,Q3,25,9.19
145,230,3,low,Q3,25,9.19
146,230,2,high,D3,24,7.828
146,175,3,high,D3,24,7.828
146,186,1,high,D3,24,7.828
146,170,3,high,D3,24,7.828
146,200,3,high,D3,24,7.828
146,250,0,high,D3,24,7.828
146,180,3,high,D3,24,7.828
146,185,0,high,D3,24,7.828
146,195,3,high,D3,24,7.828
146,187,3,high,D3,24,7.828
146,160,3,high,D3,24,7.828
146,182,3,high,D3,24,7.828
146,210,2,high,D3,24,7.828
146,188,3,high,D3,24,7.828
146,183,3,high,D3,24,7.828
146,140,3,high,D3,24,7.828
146,190,0,high,D3,24,7.828
146,184,1,high,D3,24,7.828
147,183,2,high,D3,24.5,9.362
147,175,3,high,D3,24.5,9.362
147,187,3,high,D3,24.5,9.362
147,195,3,high,D3,24.5,9.362
147,200,3,high,D3,24.5,9.362
147,170,0,high,D3,24.5,9.362
147,140,3,high,D3,24.5,9.362
147,180,0,high,D3,24.5,9.362
147,230,3,high,D3,24.5,9.362
147,185,3,high,D3,24.5,9.362
147,250,3,high,D3,24.5,9.362
147,188,3,high,D3,24.5,9.362
147,182,3,high,D3,24.5,9.362
147,184,3,high,D3,24.5,9.362
147,190,2,high,D3,24.5,9.362
147,186,2,high,D3,24.5,9.362
147,210,0,high,D3,24.5,9.362
147,160,1,high,D3,24.5,9.362
148,160,3,low,Z1,24.5,8.982
148,183,3,low,Z1,24.5,8.982
148,210,2,low,Z1,24.5,8.982
148,182,3,low,Z1,24.5,8.982
148,188,2,low,Z1,24.5,8.982
148,195,3,low,Z1,24.5,8.982
148,190,3,low,Z1,24.5,8.982
148,187,2,low,Z1,24.5,8.982
148,200,3,low,Z1,24.5,8.982
148,184,3,low,Z1,24.5,8.982
148,170,3,low,Z1,24.5,8.982
148,250,3,low,Z1,24.5,8.982
148,180,3,low,Z1,24.5,8.982
148,175,3,low,Z1,24.5,8.982
148,185,3,low,Z1,24.5,8.982
148,230,3,low,Z1,24.5,8.982
148,186,1,low,Z1,24.5,8.982
148,140,3,low,Z1,24.5,8.982
149,140,0,low,Z1,25,8.026
149,187,0,low,Z1,25,8.026
149,210,0,low,Z1,25,8.026
149,190,0,low,Z1,25,8.026
149,200,1,low,Z1,25,8.026
149,185,0,low,Z1,25,8.026
149,230,1,low,Z1,25,8.026
149,195,0,low,Z1,25,8.026
149,250,0,low,Z1,25,8.026
149,180,1,low,Z1,25,8.026
149,183,0,low,Z1,25,8.026
149,184,0,low,Z1,25,8.026
149,182,0,low,Z1,25,8.026
149,188,0,low,Z1,25,8.026
149,160,0,low,Z1,25,8.026
149,175,0,low,Z1,25,8.026
149,170,0,low,Z1,25,8.026
149,186,2,low,Z1,25,8.026
150,250,1,low,Z1,23.5,8.204
150,210,0,low,Z1,23.5,8.204
150,190,0,low,Z1,23.5,8.204
150,184,0,low,Z1,23.5,8.204
150,187,0,low,Z1,23.5,8.204
150,180,0,low,Z1,23.5,8.204
150,188,0,low,Z1,23.5,8.204
150,170,0,low,Z1,23.5,8.204
150,200,0,low,Z1,23.5,8.204
150,182,0,low,Z1,23.5,8.204
150,195,0,low,Z1,23.5,8.204
150,230,0,low,Z1,23.5,8.204
150,175,0,low,Z1,23.5,8.204
150,183,0,low,Z1,23.5,8.204
150,186,0,low,Z1,23.5,8.204
150,140,0,low,Z1,23.5,8.204
150,160,0,low,Z1,23.5,8.204
150,185,1,low,Z1,23.5,8.204
151,195,3,low,Z1,25.5,8.616
151,183,2,low,Z1,25.5,8.616
151,230,0,low,Z1,25.5,8.616
151,182,2,low,Z1,25.5,8.616
151,170,3,low,Z1,25.5,8.616
151,180,2,low,Z1,25.5,8.616
151,160,2,low,Z1,25.5,8.616
151,175,0,low,Z1,25.5,8.616
151,140,3,low,Z1,25.5,8.616
151,187,2,low,Z1,25.5,8.616
151,210,2,low,Z1,25.5,8.616
151,250,3,low,Z1,25.5,8.616
151,185,2,low,Z1,25.5,8.616
151,186,1,low,Z1,25.5,8.616
151,200,2,low,Z1,25.5,8.616
151,184,3,low,Z1,25.5,8.616
151,188,0,low,Z1,25.5,8.616
151,190,2,low,Z1,25.5,8.616
152,186,1,low,AB1,25,8.358
152,170,2,low,AB1,25,8.358
152,184,0,low,AB1,25,8.358
152,180,0,low,AB1,25,8.358
152,183,1,low,AB1,25,8.358
152,182,0,low,AB1,25,8.358
152,230,1,low,AB1,25,8.358
152,200,0,low,AB1,25,8.358
152,160,1,low,AB1,25,8.358
152,185,1,low,AB1,25,8.358
152,188,1,low,AB1,25,8.358
152,250,3,low,AB1,25,8.358
152,190,1,low,AB1,25,8.358
152,175,2,low,AB1,25,8.358
152,187,2,low,AB1,25,8.358
152,210,1,low,AB1,25,8.358
152,195,0,low,AB1,25,8.358
152,140,2,low,AB1,25,8.358
154,250,3,med,O2,25,8.436
154,200,3,med,O2,25,8.436
154,184,0,med,O2,25,8.436
154,188,3,med,O2,25,8.436
154,160,3,med,O2,25,8.436
154,182,2,med,O2,25,8.436
154,170,3,med,O2,25,8.436
154,190,0,med,O2,25,8.436
154,210,3,med,O2,25,8.436
154,187,3,med,O2,25,8.436
154,175,3,med,O2,25,8.436
154,180,3,med,O2,25,8.436
154,183,3,med,O2,25,8.436
154,230,2,med,O2,25,8.436
154,140,2,med,O2,25,8.436
154,195,3,med,O2,25,8.436
154,185,0,med,O2,25,8.436
154,186,3,med,O2,25,8.436
155,195,1,low,AD3,24.5,8.742
155,184,2,low,AD3,24.5,8.742
155,210,1,low,AD3,24.5,8.742
155,140,2,low,AD3,24.5,8.742
155,170,1,low,AD3,24.5,8.742
155,187,1,low,AD3,24.5,8.742
155,185,1,low,AD3,24.5,8.742
155,250,0,low,AD3,24.5,8.742
155,230,0,low,AD3,24.5,8.742
155,186,0,low,AD3,24.5,8.742
155,188,0,low,AD3,24.5,8.742
155,180,2,low,AD3,24.5,8.742
155,190,1,low,AD3,24.5,8.742
155,200,1,low,AD3,24.5,8.742
155,183,3,low,AD3,24.5,8.742
155,175,1,low,AD3,24.5,8.742
155,160,1,low,AD3,24.5,8.742
155,182,3,low,AD3,24.5,8.742
156,160,3,low,AD3,24.5,9.332
156,250,2,low,AD3,24.5,9.332
156,183,0,low,AD3,24.5,9.332
156,210,0,low,AD3,24.5,9.332
156,180,2,low,AD3,24.5,9.332
156,182,2,low,AD3,24.5,9.332
156,230,0,low,AD3,24.5,9.332
156,185,1,low,AD3,24.5,9.332
156,184,2,low,AD3,24.5,9.332
156,140,1,low,AD3,24.5,9.332
156,170,1,low,AD3,24.5,9.332
156,200,0,low,AD3,24.5,9.332
156,175,1,low,AD3,24.5,9.332
156,190,3,low,AD3,24.5,9.332
156,195,1,low,AD3,24.5,9.332
156,186,2,low,AD3,24.5,9.332
156,187,1,low,AD3,24.5,9.332
156,188,0,low,AD3,24.5,9.332
157,185,3,low,AD3,24.5,9.06
157,182,3,low,AD3,24.5,9.06
157,200,2,low,AD3,24.5,9.06
157,195,2,low,AD3,24.5,9.06
157,180,3,low,AD3,24.5,9.06
157,187,1,low,AD3,24.5,9.06
157,250,3,low,AD3,24.5,9.06
157,230,0,low,AD3,24.5,9.06
157,140,3,low,AD3,24.5,9.06
157,183,3,low,AD3,24.5,9.06
157,190,3,low,AD3,24.5,9.06
157,170,3,low,AD3,24.5,9.06
157,210,3,low,AD3,24.5,9.06
157,160,2,low,AD3,24.5,9.06
157,175,3,low,AD3,24.5,9.06
157,184,3,low,AD3,24.5,9.06
157,188,0,low,AD3,24.5,9.06
157,186,2,low,AD3,24.5,9.06
158,175,3,low,AD3,25,7.544
158,160,0,low,AD3,25,7.544
158,250,0,low,AD3,25,7.544
158,230,1,low,AD3,25,7.544
158,180,3,low,AD3,25,7.544
158,188,1,low,AD3,25,7.544
158,187,1,low,AD3,25,7.544
158,183,0,low,AD3,25,7.544
158,190,1,low,AD3,25,7.544
158,200,2,low,AD3,25,7.544
158,170,1,low,AD3,25,7.544
158,140,1,low,AD3,25,7.544
158,185,2,low,AD3,25,7.544
158,182,0,low,AD3,25,7.544
158,186,0,low,AD3,25,7.544
158,195,0,low,AD3,25,7.544
158,210,0,low,AD3,25,7.544
158,184,0,low,AD3,25,7.544
159,210,1,low,AD3,24.5,8.82
159,183,1,low,AD3,24.5,8.82
159,182,0,low,AD3,24.5,8.82
159,175,0,low,AD3,24.5,8.82
159,184,0,low,AD3,24.5,8.82
159,230,0,low,AD3,24.5,8.82
159,186,1,low,AD3,24.5,8.82
159,160,0,low,AD3,24.5,8.82
159,170,1,low,AD3,24.5,8.82
159,187,1,low,AD3,24.5,8.82
159,188,1,low,AD3,24.5,8.82
159,195,2,low,AD3,24.5,8.82
159,140,1,low,AD3,24.5,8.82
159,200,3,low,AD3,24.5,8.82
159,185,0,low,AD3,24.5,8.82
159,180,2,low,AD3,24.5,8.82
159,250,1,low,AD3,24.5,8.82
159,190,0,low,AD3,24.5,8.82
160,180,3,low,AD3,25,8.854
160,160,2,low,AD3,25,8.854
160,186,2,low,AD3,25,8.854
160,170,2,low,AD3,25,8.854
160,183,3,low,AD3,25,8.854
160,184,1,low,AD3,25,8.854
160,188,2,low,AD3,25,8.854
160,195,1,low,AD3,25,8.854
160,200,3,low,AD3,25,8.854
160,190,3,low,AD3,25,8.854
160,187,3,low,AD3,25,8.854
160,250,3,low,AD3,25,8.854
160,210,2,low,AD3,25,8.854
160,230,3,low,AD3,25,8.854
160,185,3,low,AD3,25,8.854
160,140,2,low,AD3,25,8.854
160,175,3,low,AD3,25,8.854
160,182,3,low,AD3,25,8.854
161,188,0,low,AD2,25,9.278
161,250,0,low,AD2,25,9.278
161,180,0,low,AD2,25,9.278
161,184,1,low,AD2,25,9.278
161,186,0,low,AD2,25,9.278
161,200,0,low,AD2,25,9.278
161,195,0,low,AD2,25,9.278
161,230,0,low,AD2,25,9.278
161,210,0,low,AD2,25,9.278
161,140,0,low,AD2,25,9.278
161,187,2,low,AD2,25,9.278
161,183,1,low,AD2,25,9.278
161,175,1,low,AD2,25,9.278
161,190,0,low,AD2,25,9.278
161,182,1,low,AD2,25,9.278
161,170,0,low,AD2,25,9.278
161,160,0,low,AD2,25,9.278
161,185,0,low,AD2,25,9.278
162,195,1,med,K1,24.5,8.472
162,180,2,med,K1,24.5,8.472
162,210,0,med,K1,24.5,8.472
162,230,0,med,K1,24.5,8.472
162,160,1,med,K1,24.5,8.472
162,185,0,med,K1,24.5,8.472
162,140,1,med,K1,24.5,8.472
162,188,0,med,K1,24.5,8.472
162,250,0,med,K1,24.5,8.472
162,170,1,med,K1,24.5,8.472
162,187,0,med,K1,24.5,8.472
162,186,0,med,K1,24.5,8.472
162,184,0,med,K1,24.5,8.472
162,182,0,med,K1,24.5,8.472
162,200,2,med,K1,24.5,8.472
162,190,1,med,K1,24.5,8.472
162,183,0,med,K1,24.5,8.472
162,175,0,med,K1,24.5,8.472
163,195,3,med,K1,24.5,9.932
163,185,3,med,K1,24.5,9.932
163,200,1,med,K1,24.5,9.932
163,175,2,med,K1,24.5,9.932
163,184,2,med,K1,24.5,9.932
163,250,2,med,K1,24.5,9.932
163,140,3,med,K1,24.5,9.932
163,187,2,med,K1,24.5,9.932
163,183,3,med,K1,24.5,9.932
163,182,3,med,K1,24.5,9.932
163,210,2,med,K1,24.5,9.932
163,186,1,med,K1,24.5,9.932
163,170,3,med,K1,24.5,9.932
163,188,3,med,K1,24.5,9.932
163,160,3,med,K1,24.5,9.932
163,190,3,med,K1,24.5,9.932
163,230,1,med,K1,24.5,9.932
163,180,3,med,K1,24.5,9.932
164,185,0,med,K1,25,8.028
164,180,0,med,K1,25,8.028
164,200,0,med,K1,25,8.028
164,190,0,med,K1,25,8.028
164,183,0,med,K1,25,8.028
164,160,0,med,K1,25,8.028
164,140,0,med,K1,25,8.028
164,230,0,med,K1,25,8.028
164,186,0,med,K1,25,8.028
164,250,0,med,K1,25,8.028
164,184,1,med,K1,25,8.028
164,170,0,med,K1,25,8.028
164,210,1,med,K1,25,8.028
164,187,1,med,K1,25,8.028
164,175,0,med,K1,25,8.028
164,182,0,med,K1,25,8.028
164,195,0,med,K1,25,8.028
164,188,0,med,K1,25,8.028
165,175,2,med,K1,24.5,9.188
165,188,1,med,K1,24.5,9.188
165,182,0,med,K1,24.5,9.188
165,184,0,med,K1,24.5,9.188
165,210,2,med,K1,24.5,9.188
165,190,0,med,K1,24.5,9.188
165,140,3,med,K1,24.5,9.188
165,195,0,med,K1,24.5,9.188
165,185,3,med,K1,24.5,9.188
165,186,2,med,K1,24.5,9.188
165,200,2,med,K1,24.5,9.188
165,170,2,med,K1,24.5,9.188
165,180,2,med,K1,24.5,9.188
165,250,1,med,K1,24.5,9.188
165,187,2,med,K1,24.5,9.188
165,183,0,med,K1,24.5,9.188
165,230,0,med,K1,24.5,9.188
165,160,1,med,K1,24.5,9.188
166,180,3,med,K1,25,8.032
166,200,3,med,K1,25,8.032
166,190,2,med,K1,25,8.032
166,183,2,med,K1,25,8.032
166,188,2,med,K1,25,8.032
166,250,0,med,K1,25,8.032
166,140,3,med,K1,25,8.032
166,187,0,med,K1,25,8.032
166,186,3,med,K1,25,8.032
166,230,3,med,K1,25,8.032
166,195,0,med,K1,25,8.032
166,182,3,med,K1,25,8.032
166,170,3,med,K1,25,8.032
166,184,2,med,K1,25,8.032
166,185,3,med,K1,25,8.032
166,210,3,med,K1,25,8.032
166,175,2,med,K1,25,8.032
166,160,3,med,K1,25,8.032
167,188,3,med,K1,24.5,8.118
167,210,3,med,K1,24.5,8.118
167,190,0,med,K1,24.5,8.118
167,185,1,med,K1,24.5,8.118
167,200,3,med,K1,24.5,8.118
167,230,1,med,K1,24.5,8.118
167,140,1,med,K1,24.5,8.118
167,160,0,med,K1,24.5,8.118
167,250,0,med,K1,24.5,8.118
167,186,1,med,K1,24.5,8.118
167,180,0,med,K1,24.5,8.118
167,195,0,med,K1,24.5,8.118
167,184,1,med,K1,24.5,8.118
167,175,2,med,K1,24.5,8.118
167,187,2,med,K1,24.5,8.118
167,170,0,med,K1,24.5,8.118
167,182,0,med,K1,24.5,8.118
167,183,0,med,K1,24.5,8.118
168,160,1,med,K1,24.5,8.042
168,170,3,med,K1,24.5,8.042
168,210,0,med,K1,24.5,8.042
168,250,2,med,K1,24.5,8.042
168,195,2,med,K1,24.5,8.042
168,200,0,med,K1,24.5,8.042
168,182,3,med,K1,24.5,8.042
168,230,0,med,K1,24.5,8.042
168,184,0,med,K1,24.5,8.042
168,190,2,med,K1,24.5,8.042
168,187,0,med,K1,24.5,8.042
168,140,1,med,K1,24.5,8.042
168,183,1,med,K1,24.5,8.042
168,185,0,med,K1,24.5,8.042
168,180,0,med,K1,24.5,8.042
168,188,0,med,K1,24.5,8.042
168,175,0,med,K1,24.5,8.042
168,186,3,med,K1,24.5,8.042
169,170,3,med,K1,24.5,9.452
169,186,3,med,K1,24.5,9.452
169,175,0,med,K1,24.5,9.452
169,184,3,med,K1,24.5,9.452
169,200,3,med,K1,24.5,9.452
169,190,3,med,K1,24.5,9.452
169,187,3,med,K1,24.5,9.452
169,182,1,med,K1,24.5,9.452
169,250,3,med,K1,24.5,9.452
169,195,3,med,K1,24.5,9.452
169,160,3,med,K1,24.5,9.452
169,180,3,med,K1,24.5,9.452
169,185,3,med,K1,24.5,9.452
169,183,3,med,K1,24.5,9.452
169,210,3,med,K1,24.5,9.452
169,140,2,med,K1,24.5,9.452
169,230,1,med,K1,24.5,9.452
169,188,3,med,K1,24.5,9.452
170,190,2,med,F1,25,10.736
170,182,0,med,F1,25,10.736
170,210,0,med,F1,25,10.736
170,170,0,med,F1,25,10.736
170,187,1,med,F1,25,10.736
170,183,1,med,F1,25,10.736
170,184,1,med,F1,25,10.736
170,160,0,med,F1,25,10.736
170,200,1,med,F1,25,10.736
170,185,0,med,F1,25,10.736
170,188,0,med,F1,25,10.736
170,140,0,med,F1,25,10.736
170,230,0,med,F1,25,10.736
170,186,0,med,F1,25,10.736
170,180,0,med,F1,25,10.736
170,195,0,med,F1,25,10.736
170,175,0,med,F1,25,10.736
170,250,0,med,F1,25,10.736
171,185,3,med,F1,24.5,10.918
171,175,1,med,F1,24.5,10.918
171,250,1,med,F1,24.5,10.918
171,200,3,med,F1,24.5,10.918
171,183,2,med,F1,24.5,10.918
171,184,0,med,F1,24.5,10.918
171,160,2,med,F1,24.5,10.918
171,186,0,med,F1,24.5,10.918
171,190,3,med,F1,24.5,10.918
171,188,2,med,F1,24.5,10.918
171,170,2,med,F1,24.5,10.918
171,180,3,med,F1,24.5,10.918
171,195,2,med,F1,24.5,10.918
171,230,2,med,F1,24.5,10.918
171,187,2,med,F1,24.5,10.918
171,210,1,med,F1,24.5,10.918
171,140,1,med,F1,24.5,10.918
171,182,3,med,F1,24.5,10.918
172,183,2,med,F1,25,10.246
172,186,0,med,F1,25,10.246
172,230,2,med,F1,25,10.246
172,188,1,med,F1,25,10.246
172,195,0,med,F1,25,10.246
172,160,0,med,F1,25,10.246
172,200,0,med,F1,25,10.246
172,140,0,med,F1,25,10.246
172,184,0,med,F1,25,10.246
172,170,0,med,F1,25,10.246
172,250,0,med,F1,25,10.246
172,210,0,med,F1,25,10.246
172,190,0,med,F1,25,10.246
172,180,0,med,F1,25,10.246
172,175,1,med,F1,25,10.246
172,185,1,med,F1,25,10.246
172,182,0,med,F1,25,10.246
172,187,1,med,F1,25,10.246
173,186,1,low,H1,25,9.266
173,230,2,low,H1,25,9.266
173,175,0,low,H1,25,9.266
173,185,3,low,H1,25,9.266
173,187,1,low,H1,25,9.266
173,250,3,low,H1,25,9.266
173,184,2,low,H1,25,9.266
173,188,3,low,H1,25,9.266
173,195,2,low,H1,25,9.266
173,170,1,low,H1,25,9.266
173,182,2,low,H1,25,9.266
173,210,1,low,H1,25,9.266
173,190,2,low,H1,25,9.266
173,140,2,low,H1,25,9.266
173,160,2,low,H1,25,9.266
173,180,0,low,H1,25,9.266
173,183,1,low,H1,25,9.266
173,200,3,low,H1,25,9.266
174,182,2,med,J2,24.5,9.574
174,185,3,med,J2,24.5,9.574
174,184,0,med,J2,24.5,9.574
174,180,2,med,J2,24.5,9.574
174,170,3,med,J2,24.5,9.574
174,160,3,med,J2,24.5,9.574
174,230,3,med,J2,24.5,9.574
174,140,0,med,J2,24.5,9.574
174,210,3,med,J2,24.5,9.574
174,175,3,med,J2,24.5,9.574
174,186,3,med,J2,24.5,9.574
174,183,3,med,J2,24.5,9.574
174,190,2,med,J2,24.5,9.574
174,250,2,med,J2,24.5,9.574
174,187,3,med,J2,24.5,9.574
174,200,2,med,J2,24.5,9.574
174,188,0,med,J2,24.5,9.574
174,195,1,med,J2,24.5,9.574
175,187,3,med,J2,25,9.35
175,183,3,med,J2,25,9.35
175,175,3,med,J2,25,9.35
175,182,3,med,J2,25,9.35
175,200,3,med,J2,25,9.35
175,188,3,med,J2,25,9.35
175,184,3,med,J2,25,9.35
175,195,3,med,J2,25,9.35
175,185,3,med,J2,25,9.35
175,140,3,med,J2,25,9.35
175,160,3,med,J2,25,9.35
175,180,3,med,J2,25,9.35
175,250,2,med,J2,25,9.35
175,170,2,med,J2,25,9.35
175,186,3,med,J2,25,9.35
175,230,2,med,J2,25,9.35
175,210,2,med,J2,25,9.35
175,190,2,med,J2,25,9.35
176,190,2,med,J2,24,n/a
176,186,3,med,J2,24,n/a
176,250,1,med,J2,24,n/a
176,180,1,med,J2,24,n/a
176,185,2,med,J2,24,n/a
176,140,0,med,J2,24,n/a
176,200,2,med,J2,24,n/a
176,210,0,med,J2,24,n/a
176,182,2,med,J2,24,n/a
176,230,1,med,J2,24,n/a
176,187,2,med,J2,24,n/a
176,170,2,med,J2,24,n/a
176,183,2,med,J2,24,n/a
176,195,1,med,J2,24,n/a
176,188,2,med,J2,24,n/a
176,175,0,med,J2,24,n/a
176,160,0,med,J2,24,n/a
176,184,1,med,J2,24,n/a
177,195,2,med,J2,24.5,9.8
177,175,3,med,J2,24.5,9.8
177,186,3,med,J2,24.5,9.8
177,188,3,med,J2,24.5,9.8
177,187,3,med,J2,24.5,9.8
177,200,3,med,J2,24.5,9.8
177,160,3,med,J2,24.5,9.8
177,230,2,med,J2,24.5,9.8
177,250,3,med,J2,24.5,9.8
177,180,3,med,J2,24.5,9.8
177,184,3,med,J2,24.5,9.8
177,190,3,med,J2,24.5,9.8
177,140,3,med,J2,24.5,9.8
177,210,3,med,J2,24.5,9.8
177,183,3,med,J2,24.5,9.8
177,170,3,med,J2,24.5,9.8
177,185,2,med,J2,24.5,9.8
177,182,3,med,J2,24.5,9.8
178,182,2,med,J2,25,9.774
178,170,3,med,J2,25,9.774
178,186,2,med,J2,25,9.774
178,200,3,med,J2,25,9.774
178,188,3,med,J2,25,9.774
178,250,3,med,J2,25,9.774
178,210,3,med,J2,25,9.774
178,187,1,med,J2,25,9.774
178,190,1,med,J2,25,9.774
178,185,2,med,J2,25,9.774
178,184,3,med,J2,25,9.774
178,230,2,med,J2,25,9.774
178,140,2,med,J2,25,9.774
178,180,3,med,J2,25,9.774
178,183,3,med,J2,25,9.774
178,195,1,med,J2,25,9.774
178,160,0,med,J2,25,9.774
178,175,3,med,J2,25,9.774
179,183,0,med,J2,25,7.708
179,170,0,med,J2,25,7.708
179,180,0,med,J2,25,7.708
179,184,0,med,J2,25,7.708
179,182,0,med,J2,25,7.708
179,187,0,med,J2,25,7.708
179,190,0,med,J2,25,7.708
179,200,0,med,J2,25,7.708
179,195,1,med,J2,25,7.708
179,210,1,med,J2,25,7.708
179,160,0,med,J2,25,7.708
179,250,1,med,J2,25,7.708
179,230,0,med,J2,25,7.708
179,140,0,med,J2,25,7.708
179,175,0,med,J2,25,7.708
179,186,0,med,J2,25,7.708
179,185,0,med,J2,25,7.708
179,188,0,med,J2,25,7.708
180,182,2,med,J2,24.5,9.848
180,200,3,med,J2,24.5,9.848
180,175,2,med,J2,24.5,9.848
180,186,3,med,J2,24.5,9.848
180,190,3,med,J2,24.5,9.848
180,140,3,med,J2,24.5,9.848
180,195,3,med,J2,24.5,9.848
180,183,2,med,J2,24.5,9.848
180,188,2,med,J2,24.5,9.848
180,160,2,med,J2,24.5,9.848
180,250,3,med,J2,24.5,9.848
180,170,3,med,J2,24.5,9.848
180,230,2,med,J2,24.5,9.848
180,185,3,med,J2,24.5,9.848
180,210,3,med,J2,24.5,9.848
180,187,3,med,J2,24.5,9.848
180,184,1,med,J2,24.5,9.848
180,180,3,med,J2,24.5,9.848
181,188,3,high,E1,25,8.428
181,160,3,high,E1,25,8.428
181,190,2,high,E1,25,8.428
181,250,3,high,E1,25,8.428
181,186,3,high,E1,25,8.428
181,170,3,high,E1,25,8.428
181,180,3,high,E1,25,8.428
181,183,1,high,E1,25,8.428
181,182,3,high,E1,25,8.428
181,210,3,high,E1,25,8.428
181,184,3,high,E1,25,8.428
181,185,1,high,E1,25,8.428
181,140,1,high,E1,25,8.428
181,187,3,high,E1,25,8.428
181,200,2,high,E1,25,8.428
181,195,2,high,E1,25,8.428
181,230,0,high,E1,25,8.428
181,175,2,high,E1,25,8.428
182,185,0,high,E1,24.5,8.64
182,180,0,high,E1,24.5,8.64
182,188,3,high,E1,24.5,8.64
182,210,3,high,E1,24.5,8.64
182,182,3,high,E1,24.5,8.64
182,230,3,high,E1,24.5,8.64
182,184,2,high,E1,24.5,8.64
182,175,0,high,E1,24.5,8.64
182,250,0,high,E1,24.5,8.64
182,170,2,high,E1,24.5,8.64
182,183,2,high,E1,24.5,8.64
182,186,2,high,E1,24.5,8.64
182,187,0,high,E1,24.5,8.64
182,160,0,high,E1,24.5,8.64
182,200,2,high,E1,24.5,8.64
182,140,1,high,E1,24.5,8.64
182,190,2,high,E1,24.5,8.64
182,195,2,high,E1,24.5,8.64
183,175,0,low,Y1,24.5,7.78
183,200,0,low,Y1,24.5,7.78
183,210,0,low,Y1,24.5,7.78
183,185,0,low,Y1,24.5,7.78
183,184,0,low,Y1,24.5,7.78
183,160,0,low,Y1,24.5,7.78
183,182,0,low,Y1,24.5,7.78
183,188,0,low,Y1,24.5,7.78
183,187,0,low,Y1,24.5,7.78
183,190,0,low,Y1,24.5,7.78
183,183,0,low,Y1,24.5,7.78
183,140,0,low,Y1,24.5,7.78
183,186,0,low,Y1,24.5,7.78
183,180,1,low,Y1,24.5,7.78
183,230,1,low,Y1,24.5,7.78
183,195,0,low,Y1,24.5,7.78
183,250,0,low,Y1,24.5,7.78
183,170,1,low,Y1,24.5,7.78
184,190,2,low,Y1,24.5,7.502
184,170,3,low,Y1,24.5,7.502
184,182,1,low,Y1,24.5,7.502
184,180,3,low,Y1,24.5,7.502
184,185,3,low,Y1,24.5,7.502
184,200,3,low,Y1,24.5,7.502
184,210,3,low,Y1,24.5,7.502
184,183,0,low,Y1,24.5,7.502
184,250,2,low,Y1,24.5,7.502
184,175,2,low,Y1,24.5,7.502
184,186,3,low,Y1,24.5,7.502
184,230,1,low,Y1,24.5,7.502
184,187,2,low,Y1,24.5,7.502
184,195,2,low,Y1,24.5,7.502
184,140,3,low,Y1,24.5,7.502
184,160,1,low,Y1,24.5,7.502
184,188,0,low,Y1,24.5,7.502
184,184,3,low,Y1,24.5,7.502
185,184,2,low,Y1,25,7.688
185,183,2,low,Y1,25,7.688
185,185,0,low,Y1,25,7.688
185,186,2,low,Y1,25,7.688
185,190,2,low,Y1,25,7.688
185,230,0,low,Y1,25,7.688
185,175,3,low,Y1,25,7.688
185,170,0,low,Y1,25,7.688
185,210,0,low,Y1,25,7.688
185,160,2,low,Y1,25,7.688
185,250,2,low,Y1,25,7.688
185,187,1,low,Y1,25,7.688
185,195,1,low,Y1,25,7.688
185,188,1,low,Y1,25,7.688
185,180,0,low,Y1,25,7.688
185,182,0,low,Y1,25,7.688
185,200,0,low,Y1,25,7.688
185,140,0,low,Y1,25,7.688
187,188,2,low,Y1,25,8.312
187,160,3,low,Y1,25,8.312
187,185,0,low,Y1,25,8.312
187,190,2,low,Y1,25,8.312
187,195,1,low,Y1,25,8.312
187,210,2,low,Y1,25,8.312
187,140,0,low,Y1,25,8.312
187,183,0,low,Y1,25,8.312
187,200,0,low,Y1,25,8.312
187,184,0,low,Y1,25,8.312
187,182,2,low,Y1,25,8.312
187,170,0,low,Y1,25,8.312
187,230,3,low,Y1,25,8.312
187,250,3,low,Y1,25,8.312
187,186,3,low,Y1,25,8.312
187,187,0,low,Y1,25,8.312
187,175,0,low,Y1,25,8.312
187,180,0,low,Y1,25,8.312
188,185,2,low,H1,25,9.974
188,184,3,low,H1,25,9.974
188,175,0,low,H1,25,9.974
188,230,3,low,H1,25,9.974
188,170,3,low,H1,25,9.974
188,160,3,low,H1,25,9.974
188,187,3,low,H1,25,9.974
188,183,0,low,H1,25,9.974
188,188,3,low,H1,25,9.974
188,182,3,low,H1,25,9.974
188,195,3,low,H1,25,9.974
188,180,3,low,H1,25,9.974
188,186,3,low,H1,25,9.974
188,190,2,low,H1,25,9.974
188,250,1,low,H1,25,9.974
188,140,2,low,H1,25,9.974
188,200,0,low,H1,25,9.974
188,210,2,low,H1,25,9.974
189,250,3,med,F2,24.5,9.248
189,175,3,med,F2,24.5,9.248
189,200,3,med,F2,24.5,9.248
189,184,3,med,F2,24.5,9.248
189,160,2,med,F2,24.5,9.248
189,195,1,med,F2,24.5,9.248
189,190,1,med,F2,24.5,9.248
189,183,3,med,F2,24.5,9.248
189,182,3,med,F2,24.5,9.248
189,188,0,med,F2,24.5,9.248
189,170,3,med,F2,24.5,9.248
189,140,3,med,F2,24.5,9.248
189,185,3,med,F2,24.5,9.248
189,210,3,med,F2,24.5,9.248
189,186,3,med,F2,24.5,9.248
189,230,3,med,F2,24.5,9.248
189,180,3,med,F2,24.5,9.248
189,187,2,med,F2,24.5,9.248
190,230,1,high,D2,24.5,8.856
190,184,0,high,D2,24.5,8.856
190,188,0,high,D2,24.5,8.856
190,182,0,high,D2,24.5,8.856
190,250,0,high,D2,24.5,8.856
190,180,0,high,D2,24.5,8.856
190,170,0,high,D2,24.5,8.856
190,185,0,high,D2,24.5,8.856
190,200,0,high,D2,24.5,8.856
190,175,0,high,D2,24.5,8.856
190,140,0,high,D2,24.5,8.856
190,160,0,high,D2,24.5,8.856
190,195,0,high,D2,24.5,8.856
190,210,0,high,D2,24.5,8.856
190,186,0,high,D2,24.5,8.856
190,187,0,high,D2,24.5,8.856
190,190,0,high,D2,24.5,8.856
190,183,0,high,D2,24.5,8.856
191,170,3,low,W1,25,7.674
191,185,3,low,W1,25,7.674
191,186,3,low,W1,25,7.674
191,180,3,low,W1,25,7.674
191,195,2,low,W1,25,7.674
191,184,1,low,W1,25,7.674
191,200,3,low,W1,25,7.674
191,187,3,low,W1,25,7.674
191,182,3,low,W1,25,7.674
191,250,0,low,W1,25,7.674
191,188,3,low,W1,25,7.674
191,175,3,low,W1,25,7.674
191,160,3,low,W1,25,7.674
191,230,1,low,W1,25,7.674
191,210,3,low,W1,25,7.674
191,140,3,low,W1,25,7.674
191,183,3,low,W1,25,7.674
191,190,2,low,W1,25,7.674
192,187,1,low,R3,24.5,9.966
192,180,3,low,R3,24.5,9.966
192,210,3,low,R3,24.5,9.966
192,185,3,low,R3,24.5,9.966
192,186,0,low,R3,24.5,9.966
192,183,2,low,R3,24.5,9.966
192,175,2,low,R3,24.5,9.966
192,190,3,low,R3,24.5,9.966
192,200,3,low,R3,24.5,9.966
192,170,3,low,R3,24.5,9.966
192,140,3,low,R3,24.5,9.966
192,160,3,low,R3,24.5,9.966
192,230,3,low,R3,24.5,9.966
192,184,3,low,R3,24.5,9.966
192,195,3,low,R3,24.5,9.966
192,250,3,low,R3,24.5,9.966
192,182,3,low,R3,24.5,9.966
192,188,0,low,R3,24.5,9.966
